artifact_size,beta,correct,delta,duration,filter_noise,filter_radius,filter_radius_noise,filter_samples,gamma,globalTrialId,grain,image_samples,intensity,intensityChange,is_reference,label,line_angle,nTrials,pThreshold,questTrialId,selection,startVal,startValSd,stopInterval,user,velocity,x,y
8,3.5,1,0.01,69.89962410926819,0,200.0,0.0,100.0,0.5,1,0.1,1,0.6,increase,False,artifact8-angle1-noise0-speed0.0-samples1,0.017453292519943295,40,0.82,1,image,0.6,0.4,0.1,lw,0.0,382.7899169921875,527.953369140625
8,3.5,1,0.01,1.9363527297973633,0,200.0,0.0,100.0,0.5,31,0.1,1,0.9120412701003189,decrease,True,artifact8-angle1-noise0-speed0.0-samples1,0.017453292519943295,40,0.82,1,none,0.6,0.4,0.1,lw,0.0,,
8,3.5,0,0.01,2.10898494720459,0,200.0,0.0,100.0,0.5,32,0.1,1,0.8447215634160123,increase,True,artifact8-angle1-noise0-speed0.0-samples1,0.017453292519943295,40,0.82,1,image,0.6,0.4,0.1,lw,0.0,558.941162109375,542.495361328125
8,3.5,1,0.01,1.992398977279663,0,200.0,0.0,100.0,0.5,66,0.1,1,0.9120412701003189,increase,False,artifact8-angle1-noise0-speed0.0-samples1,0.017453292519943295,40,0.82,4,image,0.6,0.4,0.1,lw,0.0,194.06689453125,463.1337890625
8,3.5,0,0.01,1.5592091083526611,0,200.0,0.0,100.0,0.5,83,0.1,1,1.110945171682823,decrease,False,artifact8-angle1-noise0-speed0.0-samples1,0.017453292519943295,40,0.82,5,none,0.6,0.4,0.1,lw,0.0,,
8,3.5,0,0.01,0.8248486518859863,0,200.0,0.0,100.0,0.5,84,0.1,1,1.0602101669801658,decrease,False,artifact8-angle1-noise0-speed0.0-samples1,0.017453292519943295,40,0.82,6,none,0.6,0.4,0.1,lw,0.0,,
8,3.5,1,0.01,1.5548765659332275,0,200.0,0.0,100.0,0.5,85,0.1,1,1.0190592472618876,increase,False,artifact8-angle1-noise0-speed0.0-samples1,0.017453292519943295,40,0.82,7,image,0.6,0.4,0.1,lw,0.0,430.6514892578125,345.61492919921875
8,3.5,0,0.01,0.46366214752197266,0,200.0,0.0,100.0,0.5,97,0.1,1,1.1263794360565051,decrease,False,artifact8-angle1-noise0-speed0.0-samples1,0.017453292519943295,40,0.82,8,none,0.6,0.4,0.1,lw,0.0,,
8,3.5,0,0.01,0.7442443370819092,0,200.0,0.0,100.0,0.5,98,0.1,1,1.0877620376679964,decrease,False,artifact8-angle1-noise0-speed0.0-samples1,0.017453292519943295,40,0.82,9,none,0.6,0.4,0.1,lw,0.0,,
8,3.5,1,0.01,1.60426664352417,0,200.0,0.0,100.0,0.5,99,0.1,1,1.0625011705735765,increase,False,artifact8-angle1-noise0-speed0.0-samples1,0.017453292519943295,40,0.82,10,image,0.6,0.4,0.1,lw,0.0,166.93701171875,455.7109375
8,3.5,1,0.01,2.5071072578430176,0,200.0,0.0,100.0,0.5,109,0.1,1,1.1697279670219771,decrease,True,artifact8-angle1-noise0-speed0.0-samples1,0.017453292519943295,40,0.82,10,none,0.6,0.4,0.1,lw,0.0,,
8,3.5,1,0.01,0.9594628810882568,0,200.0,0.0,100.0,0.5,110,0.1,1,1.1419629933058983,decrease,True,artifact8-angle1-noise0-speed0.0-samples1,0.017453292519943295,40,0.82,10,none,0.6,0.4,0.1,lw,0.0,,
8,3.5,1,0.01,0.6713576316833496,0,200.0,0.0,100.0,0.5,111,0.1,1,1.1149930189648027,decrease,True,artifact8-angle1-noise0-speed0.0-samples1,0.017453292519943295,40,0.82,10,none,0.6,0.4,0.1,lw,0.0,,
8,3.5,0,0.01,0.8279311656951904,0,200.0,0.0,100.0,0.5,112,0.1,1,1.0921093956528518,increase,True,artifact8-angle1-noise0-speed0.0-samples1,0.017453292519943295,40,0.82,10,image,0.6,0.4,0.1,lw,0.0,548.72412109375,510.67364501953125
8,3.5,0,0.01,1.6454901695251465,0,200.0,0.0,100.0,0.5,138,0.1,1,1.1697279670219771,decrease,False,artifact8-angle1-noise0-speed0.0-samples1,0.017453292519943295,40,0.82,15,none,0.6,0.4,0.1,lw,0.0,,
8,3.5,0,0.01,0.7769029140472412,0,200.0,0.0,100.0,0.5,139,0.1,1,1.1419629933058983,decrease,False,artifact8-angle1-noise0-speed0.0-samples1,0.017453292519943295,40,0.82,16,none,0.6,0.4,0.1,lw,0.0,,
8,3.5,0,0.01,1.6716632843017578,0,200.0,0.0,100.0,0.5,140,0.1,1,1.1149930189648027,decrease,False,artifact8-angle1-noise0-speed0.0-samples1,0.017453292519943295,40,0.82,17,none,0.6,0.4,0.1,lw,0.0,,
8,3.5,1,0.01,0.8267428874969482,0,200.0,0.0,100.0,0.5,141,0.1,1,1.0921093956528518,increase,False,artifact8-angle1-noise0-speed0.0-samples1,0.017453292519943295,40,0.82,18,image,0.6,0.4,0.1,lw,0.0,387.7554931640625,549.7286987304688
8,3.5,1,0.01,1.4174795150756836,0,200.0,0.0,100.0,0.5,204,0.1,1,1.160036049245449,decrease,True,artifact8-angle1-noise0-speed0.0-samples1,0.017453292519943295,40,0.82,18,none,0.6,0.4,0.1,lw,0.0,,
8,3.5,1,0.01,1.4280924797058105,0,200.0,0.0,100.0,0.5,205,0.1,1,1.140436063823921,decrease,True,artifact8-angle1-noise0-speed0.0-samples1,0.017453292519943295,40,0.82,18,none,0.6,0.4,0.1,lw,0.0,,
8,3.5,1,0.01,1.1167218685150146,0,200.0,0.0,100.0,0.5,206,0.1,1,1.1213036905856812,decrease,True,artifact8-angle1-noise0-speed0.0-samples1,0.017453292519943295,40,0.82,18,none,0.6,0.4,0.1,lw,0.0,,
8,3.5,0,0.01,0.9582226276397705,0,200.0,0.0,100.0,0.5,207,0.1,1,1.1004234838049372,increase,True,artifact8-angle1-noise0-speed0.0-samples1,0.017453292519943295,40,0.82,18,image,0.6,0.4,0.1,lw,0.0,561.910400390625,469.5377197265625
8,3.5,0,0.01,1.8108410835266113,0,200.0,0.0,100.0,0.5,231,0.1,1,1.160036049245449,decrease,False,artifact8-angle1-noise0-speed0.0-samples1,0.017453292519943295,40,0.82,23,none,0.6,0.4,0.1,lw,0.0,,
8,3.5,0,0.01,1.0296669006347656,0,200.0,0.0,100.0,0.5,232,0.1,1,1.140436063823921,decrease,False,artifact8-angle1-noise0-speed0.0-samples1,0.017453292519943295,40,0.82,24,none,0.6,0.4,0.1,lw,0.0,,
8,3.5,1,0.01,1.1102097034454346,0,200.0,0.0,100.0,0.5,233,0.1,1,1.1213036905856812,increase,False,artifact8-angle1-noise0-speed0.0-samples1,0.017453292519943295,40,0.82,25,image,0.6,0.4,0.1,lw,0.0,603.506103515625,449.09259033203125
8,3.5,0,0.01,1.3406856060028076,0,200.0,0.0,100.0,0.5,245,0.1,1,1.1666384190643013,decrease,False,artifact8-angle1-noise0-speed0.0-samples1,0.017453292519943295,40,0.82,26,none,0.6,0.4,0.1,lw,0.0,,
8,3.5,0,0.01,0.9175853729248047,0,200.0,0.0,100.0,0.5,246,0.1,1,1.1511566387627399,decrease,False,artifact8-angle1-noise0-speed0.0-samples1,0.017453292519943295,40,0.82,27,none,0.6,0.4,0.1,lw,0.0,,
8,3.5,0,0.01,0.8088908195495605,0,200.0,0.0,100.0,0.5,247,0.1,1,1.137290027174414,decrease,False,artifact8-angle1-noise0-speed0.0-samples1,0.017453292519943295,40,0.82,28,none,0.6,0.4,0.1,lw,0.0,,
8,3.5,1,0.01,1.948171615600586,0,200.0,0.0,100.0,0.5,248,0.1,1,1.1230561345206662,increase,False,artifact8-angle1-noise0-speed0.0-samples1,0.017453292519943295,40,0.82,29,image,0.6,0.4,0.1,lw,0.0,634.2978515625,417.44427490234375
8,3.5,0,0.01,1.3923377990722656,0,200.0,0.0,100.0,0.5,260,0.1,1,1.1569786635109391,decrease,False,artifact8-angle1-noise0-speed0.0-samples1,0.017453292519943295,40,0.82,30,none,0.6,0.4,0.1,lw,0.0,,
8,3.5,0,0.01,1.0901494026184082,0,200.0,0.0,100.0,0.5,261,0.1,1,1.14574432870567,decrease,False,artifact8-angle1-noise0-speed0.0-samples1,0.017453292519943295,40,0.82,31,none,0.6,0.4,0.1,lw,0.0,,
8,3.5,0,0.01,1.9763522148132324,0,200.0,0.0,100.0,0.5,262,0.1,1,1.134624769051642,decrease,False,artifact8-angle1-noise0-speed0.0-samples1,0.017453292519943295,40,0.82,32,none,0.6,0.4,0.1,lw,0.0,,
8,3.5,1,0.01,1.1713135242462158,0,200.0,0.0,100.0,0.5,263,0.1,1,1.1226236268071421,increase,False,artifact8-angle1-noise0-speed0.0-samples1,0.017453292519943295,40,0.82,33,image,0.6,0.4,0.1,lw,0.0,217.55908203125,414.66644287109375
8,3.5,1,0.01,1.4145336151123047,0,200.0,0.0,100.0,0.5,272,0.1,1,1.1515374324496195,decrease,True,artifact8-angle1-noise0-speed0.0-samples1,0.017453292519943295,40,0.82,33,none,0.6,0.4,0.1,lw,0.0,,
8,3.5,1,0.01,1.0952327251434326,0,200.0,0.0,100.0,0.5,273,0.1,1,1.1424519031909297,decrease,True,artifact8-angle1-noise0-speed0.0-samples1,0.017453292519943295,40,0.82,33,none,0.6,0.4,0.1,lw,0.0,,
8,3.5,0,0.01,1.1785664558410645,0,200.0,0.0,100.0,0.5,274,0.1,1,1.132893997406235,increase,True,artifact8-angle1-noise0-speed0.0-samples1,0.017453292519943295,40,0.82,33,image,0.6,0.4,0.1,lw,0.0,540.8975830078125,499.528564453125
8,3.5,1,0.01,4.6256256103515625,0,200.0,0.0,100.0,0.5,327,0.1,1,1.1515374324496195,decrease,True,artifact8-angle1-noise0-speed0.0-samples1,0.017453292519943295,40,0.82,36,none,0.6,0.4,0.1,lw,0.0,,
8,3.5,1,0.01,1.2202363014221191,0,200.0,0.0,100.0,0.5,328,0.1,1,1.1424519031909297,decrease,True,artifact8-angle1-noise0-speed0.0-samples1,0.017453292519943295,40,0.82,36,none,0.6,0.4,0.1,lw,0.0,,
8,3.5,1,0.01,2.3206748962402344,0,200.0,0.0,100.0,0.5,329,0.1,1,1.132893997406235,decrease,True,artifact8-angle1-noise0-speed0.0-samples1,0.017453292519943295,40,0.82,36,none,0.6,0.4,0.1,lw,0.0,,
8,3.5,1,0.01,1.0327727794647217,0,200.0,0.0,100.0,0.5,330,0.1,1,1.1224044036089373,decrease,True,artifact8-angle1-noise0-speed0.0-samples1,0.017453292519943295,40,0.82,36,none,0.6,0.4,0.1,lw,0.0,,
8,3.5,0,0.01,1.112769603729248,0,200.0,0.0,100.0,0.5,331,0.1,1,1.1106239822206754,increase,True,artifact8-angle1-noise0-speed0.0-samples1,0.017453292519943295,40,0.82,36,image,0.6,0.4,0.1,lw,0.0,584.6156005859375,477.2318115234375
8,3.5,0,0.01,1.267524003982544,0,200.0,0.0,100.0,0.5,354,0.1,1,1.1515374324496195,decrease,False,artifact8-angle1-noise0-speed0.0-samples1,0.017453292519943295,40,0.82,42,none,0.6,0.4,0.1,lw,0.0,,
8,3.5,0,0.01,0.7520403861999512,0,200.0,0.0,100.0,0.5,355,0.1,1,1.1424519031909297,decrease,False,artifact8-angle1-noise0-speed0.0-samples1,0.017453292519943295,40,0.82,43,none,0.6,0.4,0.1,lw,0.0,,
8,3.5,0,0.01,1.0065007209777832,0,200.0,0.0,100.0,0.5,356,0.1,1,1.132893997406235,decrease,False,artifact8-angle1-noise0-speed0.0-samples1,0.017453292519943295,40,0.82,44,none,0.6,0.4,0.1,lw,0.0,,
8,3.5,0,0.01,1.8406507968902588,0,200.0,0.0,100.0,0.5,357,0.1,1,1.1224044036089373,decrease,False,artifact8-angle1-noise0-speed0.0-samples1,0.017453292519943295,40,0.82,45,none,0.6,0.4,0.1,lw,0.0,,
8,3.5,0,0.01,0.7237308025360107,0,200.0,0.0,100.0,0.5,382,0.1,1,1.1106239822206754,decrease,False,artifact8-angle1-noise0-speed0.0-samples1,0.017453292519943295,40,0.82,46,none,0.6,0.4,0.1,lw,0.0,,
8,3.5,0,0.01,1.0322446823120117,0,200.0,0.0,100.0,0.5,383,0.1,1,1.098331524073238,decrease,False,artifact8-angle1-noise0-speed0.0-samples1,0.017453292519943295,40,0.82,47,none,0.6,0.4,0.1,lw,0.0,,
8,3.5,0,0.01,1.324634075164795,0,200.0,0.0,100.0,0.5,384,0.1,1,1.0909776033017629,decrease,False,artifact8-angle1-noise0-speed0.0-samples1,0.017453292519943295,40,0.82,48,none,0.6,0.4,0.1,lw,0.0,,
8,3.5,0,0.01,1.1537196636199951,0,200.0,0.0,100.0,0.5,385,0.1,1,1.0850145601046268,decrease,False,artifact8-angle1-noise0-speed0.0-samples1,0.017453292519943295,40,0.82,49,none,0.6,0.4,0.1,lw,0.0,,
8,3.5,0,0.01,0.9843225479125977,0,200.0,0.0,100.0,0.5,386,0.1,1,1.0801493093153933,decrease,False,artifact8-angle1-noise0-speed0.0-samples1,0.017453292519943295,40,0.82,50,none,0.6,0.4,0.1,lw,0.0,,
8,3.5,1,0.01,1.1785001754760742,0,200.0,0.0,100.0,0.5,387,0.1,1,1.0761545318619314,increase,False,artifact8-angle1-noise0-speed0.0-samples1,0.017453292519943295,40,0.82,51,image,0.6,0.4,0.1,lw,0.0,240.8408203125,469.1180419921875
8,3.5,0,0.01,1.6767892837524414,0,200.0,0.0,100.0,0.5,414,0.1,1,1.0912961243042574,decrease,False,artifact8-angle1-noise0-speed0.0-samples1,0.017453292519943295,40,0.82,52,none,0.6,0.4,0.1,lw,0.0,,
8,3.5,0,0.01,0.6961543560028076,0,200.0,0.0,100.0,0.5,415,0.1,1,1.0854640638666568,decrease,False,artifact8-angle1-noise0-speed0.0-samples1,0.017453292519943295,40,0.82,53,none,0.6,0.4,0.1,lw,0.0,,
8,3.5,0,0.01,0.6887063980102539,0,200.0,0.0,100.0,0.5,416,0.1,1,1.0806988954168086,decrease,False,artifact8-angle1-noise0-speed0.0-samples1,0.017453292519943295,40,0.82,54,none,0.6,0.4,0.1,lw,0.0,,
8,3.5,0,0.01,0.8186564445495605,0,200.0,0.0,100.0,0.5,417,0.1,1,1.0767885683470042,decrease,False,artifact8-angle1-noise0-speed0.0-samples1,0.017453292519943295,40,0.82,55,none,0.6,0.4,0.1,lw,0.0,,
8,3.5,0,0.01,1.1140177249908447,0,200.0,0.0,100.0,0.5,418,0.1,1,1.0735657515659525,decrease,False,artifact8-angle1-noise0-speed0.0-samples1,0.017453292519943295,40,0.82,56,none,0.6,0.4,0.1,lw,0.0,,
8,3.5,1,0.01,1.9121716022491455,0,200.0,0.0,100.0,0.5,419,0.1,1,1.0708973933229635,increase,False,artifact8-angle1-noise0-speed0.0-samples1,0.017453292519943295,40,0.82,57,image,0.6,0.4,0.1,lw,0.0,287.5220947265625,554.87841796875
8,3.5,0,0.01,1.9550540447235107,0,200.0,0.0,100.0,0.5,425,0.1,1,1.081078601891484,increase,True,artifact8-angle1-noise0-speed0.0-samples1,0.017453292519943295,40,0.82,57,image,0.6,0.4,0.1,lw,0.0,491.52197265625,536.8256225585938
8,3.5,0,0.01,1.1890580654144287,0,200.0,0.0,100.0,0.5,427,0.1,1,1.081078601891484,decrease,False,artifact8-angle1-noise0-speed0.0-samples1,0.017453292519943295,40,0.82,59,none,0.6,0.4,0.1,lw,0.0,,
4,3.5,1,0.01,4.437509775161743,0,100.0,0.0,100.0,0.5,7,0.1,1,0.6,increase,False,artifact4-angle1-noise0-speed0.0-samples1,0.017453292519943295,40,0.82,1,image,0.6,0.4,0.1,lw,0.0,383.0247802734375,292.991455078125
4,3.5,1,0.01,10.527189254760742,0,100.0,0.0,100.0,0.5,18,0.1,1,0.9120412701003189,increase,False,artifact4-angle1-noise0-speed0.0-samples1,0.017453292519943295,40,0.82,2,image,0.6,0.4,0.1,lw,0.0,380.5015869140625,496.239013671875
4,3.5,0,0.01,2.5740044116973877,0,100.0,0.0,100.0,0.5,26,0.1,1,1.110945171682823,decrease,False,artifact4-angle1-noise0-speed0.0-samples1,0.017453292519943295,40,0.82,3,none,0.6,0.4,0.1,lw,0.0,,
4,3.5,0,0.01,1.5451099872589111,0,100.0,0.0,100.0,0.5,27,0.1,1,1.0602101669801658,decrease,False,artifact4-angle1-noise0-speed0.0-samples1,0.017453292519943295,40,0.82,4,none,0.6,0.4,0.1,lw,0.0,,
4,3.5,0,0.01,2.4447529315948486,0,100.0,0.0,100.0,0.5,28,0.1,1,1.0190592472618876,decrease,False,artifact4-angle1-noise0-speed0.0-samples1,0.017453292519943295,40,0.82,5,none,0.6,0.4,0.1,lw,0.0,,
4,3.5,0,0.01,1.5781934261322021,0,100.0,0.0,100.0,0.5,29,0.1,1,0.9831687130881783,decrease,False,artifact4-angle1-noise0-speed0.0-samples1,0.017453292519943295,40,0.82,6,none,0.6,0.4,0.1,lw,0.0,,
4,3.5,1,0.01,1.27121901512146,0,100.0,0.0,100.0,0.5,30,0.1,1,0.9575594530506681,increase,False,artifact4-angle1-noise0-speed0.0-samples1,0.017453292519943295,40,0.82,7,image,0.6,0.4,0.1,lw,0.0,482.1021728515625,521.2528686523438
4,3.5,1,0.01,2.3116016387939453,0,100.0,0.0,100.0,0.5,48,0.1,1,1.065518176376829,increase,False,artifact4-angle1-noise0-speed0.0-samples1,0.017453292519943295,40,0.82,8,image,0.6,0.4,0.1,lw,0.0,367.1729736328125,369.7449951171875
4,3.5,0,0.01,2.7711172103881836,0,100.0,0.0,100.0,0.5,56,0.1,1,1.1868472108153019,decrease,False,artifact4-angle1-noise0-speed0.0-samples1,0.017453292519943295,40,0.82,9,none,0.6,0.4,0.1,lw,0.0,,
4,3.5,0,0.01,1.0850028991699219,0,100.0,0.0,100.0,0.5,57,0.1,1,1.1557392939620321,decrease,False,artifact4-angle1-noise0-speed0.0-samples1,0.017453292519943295,40,0.82,10,none,0.6,0.4,0.1,lw,0.0,,
4,3.5,0,0.01,1.8134992122650146,0,100.0,0.0,100.0,0.5,58,0.1,1,1.1289600435016531,decrease,False,artifact4-angle1-noise0-speed0.0-samples1,0.017453292519943295,40,0.82,11,none,0.6,0.4,0.1,lw,0.0,,
4,3.5,0,0.01,1.513014554977417,0,100.0,0.0,100.0,0.5,59,0.1,1,1.1008758096144213,decrease,False,artifact4-angle1-noise0-speed0.0-samples1,0.017453292519943295,40,0.82,12,none,0.6,0.4,0.1,lw,0.0,,
4,3.5,1,0.01,0.8959219455718994,0,100.0,0.0,100.0,0.5,60,0.1,1,1.0845695230120693,increase,False,artifact4-angle1-noise0-speed0.0-samples1,0.017453292519943295,40,0.82,13,image,0.6,0.4,0.1,lw,0.0,381.164794921875,452.8792724609375
4,3.5,0,0.01,4.180492639541626,0,100.0,0.0,100.0,0.5,146,0.1,1,1.1508384318320282,decrease,False,artifact4-angle1-noise0-speed0.0-samples1,0.017453292519943295,40,0.82,14,none,0.6,0.4,0.1,lw,0.0,,
4,3.5,0,0.01,0.8451781272888184,0,100.0,0.0,100.0,0.5,147,0.1,1,1.1318762540833585,decrease,False,artifact4-angle1-noise0-speed0.0-samples1,0.017453292519943295,40,0.82,15,none,0.6,0.4,0.1,lw,0.0,,
4,3.5,0,0.01,1.1337652206420898,0,100.0,0.0,100.0,0.5,148,0.1,1,1.1122251659153968,decrease,False,artifact4-angle1-noise0-speed0.0-samples1,0.017453292519943295,40,0.82,16,none,0.6,0.4,0.1,lw,0.0,,
4,3.5,1,0.01,2.0964722633361816,0,100.0,0.0,100.0,0.5,149,0.1,1,1.0948989435935568,increase,False,artifact4-angle1-noise0-speed0.0-samples1,0.017453292519943295,40,0.82,17,image,0.6,0.4,0.1,lw,0.0,284.040283203125,487.48602294921875
4,3.5,0,0.01,2.5425989627838135,0,100.0,0.0,100.0,0.5,183,0.1,1,1.145049259253392,decrease,False,artifact4-angle1-noise0-speed0.0-samples1,0.017453292519943295,40,0.82,18,none,0.6,0.4,0.1,lw,0.0,,
4,3.5,0,0.01,1.275413990020752,0,100.0,0.0,100.0,0.5,184,0.1,1,1.1298548896284595,decrease,False,artifact4-angle1-noise0-speed0.0-samples1,0.017453292519943295,40,0.82,19,none,0.6,0.4,0.1,lw,0.0,,
4,3.5,1,0.01,1.1459097862243652,0,100.0,0.0,100.0,0.5,185,0.1,1,1.1135243526611671,increase,False,artifact4-angle1-noise0-speed0.0-samples1,0.017453292519943295,40,0.82,20,image,0.6,0.4,0.1,lw,0.0,257.775146484375,471.33941650390625
4,3.5,0,0.01,1.6886065006256104,0,100.0,0.0,100.0,0.5,200,0.1,1,1.1529205721272269,decrease,False,artifact4-angle1-noise0-speed0.0-samples1,0.017453292519943295,40,0.82,21,none,0.6,0.4,0.1,lw,0.0,,
4,3.5,0,0.01,1.30517578125,0,100.0,0.0,100.0,0.5,201,0.1,1,1.1405695627862986,decrease,False,artifact4-angle1-noise0-speed0.0-samples1,0.017453292519943295,40,0.82,22,none,0.6,0.4,0.1,lw,0.0,,
4,3.5,0,0.01,0.8927578926086426,0,100.0,0.0,100.0,0.5,202,0.1,1,1.128049726961149,decrease,False,artifact4-angle1-noise0-speed0.0-samples1,0.017453292519943295,40,0.82,23,none,0.6,0.4,0.1,lw,0.0,,
4,3.5,1,0.01,1.8067383766174316,0,100.0,0.0,100.0,0.5,203,0.1,1,1.1144100361707832,increase,False,artifact4-angle1-noise0-speed0.0-samples1,0.017453292519943295,40,0.82,24,image,0.6,0.4,0.1,lw,0.0,393.8223876953125,585.263671875
4,3.5,0,0.01,1.397195816040039,0,100.0,0.0,100.0,0.5,234,0.1,1,1.1475547187097068,decrease,False,artifact4-angle1-noise0-speed0.0-samples1,0.017453292519943295,40,0.82,25,none,0.6,0.4,0.1,lw,0.0,,
4,3.5,0,0.01,1.1791713237762451,0,100.0,0.0,100.0,0.5,235,0.1,1,1.1370520924009222,decrease,False,artifact4-angle1-noise0-speed0.0-samples1,0.017453292519943295,40,0.82,26,none,0.6,0.4,0.1,lw,0.0,,
4,3.5,0,0.01,1.2873468399047852,0,100.0,0.0,100.0,0.5,236,0.1,1,1.125778884863092,decrease,False,artifact4-angle1-noise0-speed0.0-samples1,0.017453292519943295,40,0.82,27,none,0.6,0.4,0.1,lw,0.0,,
4,3.5,1,0.01,1.6470515727996826,0,100.0,0.0,100.0,0.5,237,0.1,1,1.1133368281686555,increase,False,artifact4-angle1-noise0-speed0.0-samples1,0.017453292519943295,40,0.82,28,image,0.6,0.4,0.1,lw,0.0,396.2799072265625,527.821533203125
4,3.5,0,0.01,0.5758631229400635,0,100.0,0.0,100.0,0.5,284,0.1,1,1.1438351563196503,decrease,False,artifact4-angle1-noise0-speed0.0-samples1,0.017453292519943295,40,0.82,29,none,0.6,0.4,0.1,lw,0.0,,
4,3.5,0,0.01,0.8874084949493408,0,100.0,0.0,100.0,0.5,285,0.1,1,1.1343397372433366,decrease,False,artifact4-angle1-noise0-speed0.0-samples1,0.017453292519943295,40,0.82,30,none,0.6,0.4,0.1,lw,0.0,,
4,3.5,0,0.01,1.2376797199249268,0,100.0,0.0,100.0,0.5,286,0.1,1,1.1239788186014064,decrease,False,artifact4-angle1-noise0-speed0.0-samples1,0.017453292519943295,40,0.82,31,none,0.6,0.4,0.1,lw,0.0,,
4,3.5,0,0.01,2.210278034210205,0,100.0,0.0,100.0,0.5,287,0.1,1,1.1123991527021806,decrease,False,artifact4-angle1-noise0-speed0.0-samples1,0.017453292519943295,40,0.82,32,none,0.6,0.4,0.1,lw,0.0,,
4,3.5,0,0.01,3.537005662918091,0,100.0,0.0,100.0,0.5,306,0.1,1,1.099526787091314,decrease,False,artifact4-angle1-noise0-speed0.0-samples1,0.017453292519943295,40,0.82,33,none,0.6,0.4,0.1,lw,0.0,,
4,3.5,0,0.01,0.8856141567230225,0,100.0,0.0,100.0,0.5,307,0.1,1,1.0920035612291157,decrease,False,artifact4-angle1-noise0-speed0.0-samples1,0.017453292519943295,40,0.82,34,none,0.6,0.4,0.1,lw,0.0,,
4,3.5,0,0.01,1.219466209411621,0,100.0,0.0,100.0,0.5,308,0.1,1,1.0859211661186758,decrease,False,artifact4-angle1-noise0-speed0.0-samples1,0.017453292519943295,40,0.82,35,none,0.6,0.4,0.1,lw,0.0,,
4,3.5,0,0.01,1.3757140636444092,0,100.0,0.0,100.0,0.5,309,0.1,1,1.0809760127625014,decrease,False,artifact4-angle1-noise0-speed0.0-samples1,0.017453292519943295,40,0.82,36,none,0.6,0.4,0.1,lw,0.0,,
4,3.5,0,0.01,1.317342758178711,0,100.0,0.0,100.0,0.5,320,0.1,1,1.0769335004261669,decrease,False,artifact4-angle1-noise0-speed0.0-samples1,0.017453292519943295,40,0.82,37,none,0.6,0.4,0.1,lw,0.0,,
4,3.5,1,0.01,4.010696649551392,0,100.0,0.0,100.0,0.5,332,0.1,1,1.0736106492636583,decrease,True,artifact4-angle1-noise0-speed0.0-samples1,0.017453292519943295,40,0.82,37,none,0.6,0.4,0.1,lw,0.0,,
4,3.5,0,0.01,0.8242263793945312,0,100.0,0.0,100.0,0.5,389,0.1,1,1.0736106492636583,decrease,False,artifact4-angle1-noise0-speed0.0-samples1,0.017453292519943295,40,0.82,39,none,0.6,0.4,0.1,lw,0.0,,
4,3.5,0,0.01,1.5486085414886475,0,100.0,0.0,100.0,0.5,390,0.1,1,1.070863450470764,decrease,False,artifact4-angle1-noise0-speed0.0-samples1,0.017453292519943295,40,0.82,40,none,0.6,0.4,0.1,lw,0.0,,
4,3.5,0,0.01,1.0055899620056152,0,100.0,0.0,100.0,0.5,391,0.1,1,1.068577560700834,decrease,False,artifact4-angle1-noise0-speed0.0-samples1,0.017453292519943295,40,0.82,41,none,0.6,0.4,0.1,lw,0.0,,
2,3.5,1,0.01,2.1886463165283203,0,50.0,0.0,100.0,0.5,38,0.1,1,0.6,decrease,True,artifact2-angle1-noise0-speed0.0-samples1,0.017453292519943295,40,0.82,0,none,0.6,0.4,0.1,lw,0.0,,
2,3.5,1,0.01,2.681661605834961,0,50.0,0.0,100.0,0.5,39,0.1,1,0.5216060210317498,decrease,True,artifact2-angle1-noise0-speed0.0-samples1,0.017453292519943295,40,0.82,0,none,0.6,0.4,0.1,lw,0.0,,
2,3.5,1,0.01,1.8075764179229736,0,50.0,0.0,100.0,0.5,40,0.1,1,0.4226637653003655,decrease,True,artifact2-angle1-noise0-speed0.0-samples1,0.017453292519943295,40,0.82,0,none,0.6,0.4,0.1,lw,0.0,,
2,3.5,1,0.01,1.5903725624084473,0,50.0,0.0,100.0,0.5,41,0.1,1,0.3390815897579037,decrease,True,artifact2-angle1-noise0-speed0.0-samples1,0.017453292519943295,40,0.82,0,none,0.6,0.4,0.1,lw,0.0,,
2,3.5,0,0.01,1.573054552078247,0,50.0,0.0,100.0,0.5,50,0.1,1,0.6,increase,True,artifact2-angle1-noise0-speed0.0-samples1,0.017453292519943295,40,0.82,4,image,0.6,0.4,0.1,lw,0.0,409.18798828125,378.1361083984375
2,3.5,0,0.01,1.8212308883666992,0,50.0,0.0,100.0,0.5,126,0.1,1,0.6,decrease,False,artifact2-angle1-noise0-speed0.0-samples1,0.017453292519943295,40,0.82,6,none,0.6,0.4,0.1,lw,0.0,,
2,3.5,0,0.01,1.828674554824829,0,50.0,0.0,100.0,0.5,127,0.1,1,0.5216060210317498,decrease,False,artifact2-angle1-noise0-speed0.0-samples1,0.017453292519943295,40,0.82,7,none,0.6,0.4,0.1,lw,0.0,,
2,3.5,0,0.01,2.460559606552124,0,50.0,0.0,100.0,0.5,128,0.1,1,0.4226637653003655,decrease,False,artifact2-angle1-noise0-speed0.0-samples1,0.017453292519943295,40,0.82,8,none,0.6,0.4,0.1,lw,0.0,,
2,3.5,1,0.01,1.1553235054016113,0,50.0,0.0,100.0,0.5,129,0.1,1,0.3390815897579037,increase,False,artifact2-angle1-noise0-speed0.0-samples1,0.017453292519943295,40,0.82,9,image,0.6,0.4,0.1,lw,0.0,321.1866455078125,305.5118408203125
2,3.5,0,0.01,1.4994914531707764,0,50.0,0.0,100.0,0.5,186,0.1,1,0.536379100571447,decrease,False,artifact2-angle1-noise0-speed0.0-samples1,0.017453292519943295,40,0.82,10,none,0.6,0.4,0.1,lw,0.0,,
2,3.5,0,0.01,0.8274545669555664,0,50.0,0.0,100.0,0.5,187,0.1,1,0.4722709534423271,decrease,False,artifact2-angle1-noise0-speed0.0-samples1,0.017453292519943295,40,0.82,11,none,0.6,0.4,0.1,lw,0.0,,
2,3.5,1,0.01,1.052154779434204,0,50.0,0.0,100.0,0.5,188,0.1,1,0.42867241083395174,increase,False,artifact2-angle1-noise0-speed0.0-samples1,0.017453292519943295,40,0.82,12,image,0.6,0.4,0.1,lw,0.0,380.159912109375,400.50665283203125
2,3.5,1,0.01,1.7432339191436768,0,50.0,0.0,100.0,0.5,259,0.1,1,0.5381173584713466,increase,False,artifact2-angle1-noise0-speed0.0-samples1,0.017453292519943295,40,0.82,13,image,0.6,0.4,0.1,lw,0.0,398.882080078125,503.57318115234375
2,3.5,1,0.01,3.0891261100769043,0,50.0,0.0,100.0,0.5,280,0.1,1,0.6822008208033424,increase,False,artifact2-angle1-noise0-speed0.0-samples1,0.017453292519943295,40,0.82,14,image,0.6,0.4,0.1,lw,0.0,379.7672119140625,588.77880859375
2,3.5,1,0.01,1.607241153717041,0,50.0,0.0,100.0,0.5,337,0.1,1,0.9236153131222887,decrease,True,artifact2-angle1-noise0-speed0.0-samples1,0.017453292519943295,40,0.82,14,none,0.6,0.4,0.1,lw,0.0,,
2,3.5,1,0.01,2.091334342956543,0,50.0,0.0,100.0,0.5,338,0.1,1,0.8585630404551671,decrease,True,artifact2-angle1-noise0-speed0.0-samples1,0.017453292519943295,40,0.82,14,none,0.6,0.4,0.1,lw,0.0,,
2,3.5,1,0.01,1.052286148071289,0,50.0,0.0,100.0,0.5,339,0.1,1,0.807543176589846,decrease,True,artifact2-angle1-noise0-speed0.0-samples1,0.017453292519943295,40,0.82,14,none,0.6,0.4,0.1,lw,0.0,,
2,3.5,1,0.01,0.815129280090332,0,50.0,0.0,100.0,0.5,340,0.1,1,0.7704171798753588,decrease,True,artifact2-angle1-noise0-speed0.0-samples1,0.017453292519943295,40,0.82,14,none,0.6,0.4,0.1,lw,0.0,,
2,3.5,0,0.01,8.72313928604126,0,50.0,0.0,100.0,0.5,358,0.1,1,0.9236153131222887,decrease,False,artifact2-angle1-noise0-speed0.0-samples1,0.017453292519943295,40,0.82,19,none,0.6,0.4,0.1,lw,0.0,,
2,3.5,0,0.01,0.9373970031738281,0,50.0,0.0,100.0,0.5,359,0.1,1,0.8585630404551671,decrease,False,artifact2-angle1-noise0-speed0.0-samples1,0.017453292519943295,40,0.82,20,none,0.6,0.4,0.1,lw,0.0,,
2,3.5,0,0.01,0.8410167694091797,0,50.0,0.0,100.0,0.5,360,0.1,1,0.807543176589846,decrease,False,artifact2-angle1-noise0-speed0.0-samples1,0.017453292519943295,40,0.82,21,none,0.6,0.4,0.1,lw,0.0,,
2,3.5,1,0.01,1.4638850688934326,0,50.0,0.0,100.0,0.5,373,0.1,1,0.7704171798753588,decrease,True,artifact2-angle1-noise0-speed0.0-samples1,0.017453292519943295,40,0.82,21,none,0.6,0.4,0.1,lw,0.0,,
2,3.5,1,0.01,1.208355188369751,0,50.0,0.0,100.0,0.5,374,0.1,1,0.7413162580398803,decrease,True,artifact2-angle1-noise0-speed0.0-samples1,0.017453292519943295,40,0.82,21,none,0.6,0.4,0.1,lw,0.0,,
2,3.5,1,0.01,0.8752264976501465,0,50.0,0.0,100.0,0.5,375,0.1,1,0.7120752345521392,decrease,True,artifact2-angle1-noise0-speed0.0-samples1,0.017453292519943295,40,0.82,21,none,0.6,0.4,0.1,lw,0.0,,
2,3.5,1,0.01,0.648728609085083,0,50.0,0.0,100.0,0.5,376,0.1,1,0.687669152435709,decrease,True,artifact2-angle1-noise0-speed0.0-samples1,0.017453292519943295,40,0.82,21,none,0.6,0.4,0.1,lw,0.0,,
2,3.5,1,0.01,0.9467928409576416,0,50.0,0.0,100.0,0.5,409,0.1,1,0.7704171798753588,decrease,True,artifact2-angle1-noise0-speed0.0-samples1,0.017453292519943295,40,0.82,25,none,0.6,0.4,0.1,lw,0.0,,
2,3.5,1,0.01,1.8603382110595703,0,50.0,0.0,100.0,0.5,410,0.1,1,0.7413162580398803,decrease,True,artifact2-angle1-noise0-speed0.0-samples1,0.017453292519943295,40,0.82,25,none,0.6,0.4,0.1,lw,0.0,,
2,3.5,0,0.01,0.4882674217224121,0,50.0,0.0,100.0,0.5,428,0.1,1,0.7704171798753588,decrease,False,artifact2-angle1-noise0-speed0.0-samples1,0.017453292519943295,40,0.82,28,none,0.6,0.4,0.1,lw,0.0,,
2,3.5,0,0.01,2.0737764835357666,0,50.0,0.0,100.0,0.5,429,0.1,1,0.7413162580398803,decrease,False,artifact2-angle1-noise0-speed0.0-samples1,0.017453292519943295,40,0.82,29,none,0.6,0.4,0.1,lw,0.0,,
2,3.5,1,0.01,0.8198709487915039,0,50.0,0.0,100.0,0.5,434,0.1,1,0.7120752345521392,decrease,True,artifact2-angle1-noise0-speed0.0-samples1,0.017453292519943295,40,0.82,29,none,0.6,0.4,0.1,lw,0.0,,
2,3.5,1,0.01,0.5990710258483887,0,50.0,0.0,100.0,0.5,435,0.1,1,0.687669152435709,decrease,True,artifact2-angle1-noise0-speed0.0-samples1,0.017453292519943295,40,0.82,29,none,0.6,0.4,0.1,lw,0.0,,
2,3.5,1,0.01,2.601407766342163,0,50.0,0.0,100.0,0.5,436,0.1,1,0.670527632553799,decrease,True,artifact2-angle1-noise0-speed0.0-samples1,0.017453292519943295,40,0.82,29,none,0.6,0.4,0.1,lw,0.0,,
2,3.5,1,0.01,0.9019784927368164,0,50.0,0.0,100.0,0.5,437,0.1,1,0.6557623570099085,decrease,True,artifact2-angle1-noise0-speed0.0-samples1,0.017453292519943295,40,0.82,29,none,0.6,0.4,0.1,lw,0.0,,
2,3.5,0,0.01,7.392121315002441,0,50.0,0.0,100.0,0.5,442,0.1,1,0.7120752345521392,decrease,False,artifact2-angle1-noise0-speed0.0-samples1,0.017453292519943295,40,0.82,34,none,0.6,0.4,0.1,lw,0.0,,
2,3.5,0,0.01,0.6695809364318848,0,50.0,0.0,100.0,0.5,443,0.1,1,0.687669152435709,decrease,False,artifact2-angle1-noise0-speed0.0-samples1,0.017453292519943295,40,0.82,35,none,0.6,0.4,0.1,lw,0.0,,
2,3.5,0,0.01,0.9848320484161377,0,50.0,0.0,100.0,0.5,444,0.1,1,0.670527632553799,decrease,False,artifact2-angle1-noise0-speed0.0-samples1,0.017453292519943295,40,0.82,36,none,0.6,0.4,0.1,lw,0.0,,
2,3.5,0,0.01,1.0178935527801514,0,50.0,0.0,100.0,0.5,445,0.1,1,0.6557623570099085,decrease,False,artifact2-angle1-noise0-speed0.0-samples1,0.017453292519943295,40,0.82,37,none,0.6,0.4,0.1,lw,0.0,,
2,3.5,0,0.01,1.422365665435791,0,50.0,0.0,100.0,0.5,452,0.1,1,0.642394883843922,decrease,False,artifact2-angle1-noise0-speed0.0-samples1,0.017453292519943295,40,0.82,38,none,0.6,0.4,0.1,lw,0.0,,
2,3.5,0,0.01,0.6247339248657227,0,50.0,0.0,100.0,0.5,453,0.1,1,0.6280008320572343,decrease,False,artifact2-angle1-noise0-speed0.0-samples1,0.017453292519943295,40,0.82,39,none,0.6,0.4,0.1,lw,0.0,,
2,3.5,0,0.01,1.0466206073760986,0,50.0,0.0,100.0,0.5,454,0.1,1,0.6117884937186878,decrease,False,artifact2-angle1-noise0-speed0.0-samples1,0.017453292519943295,40,0.82,40,none,0.6,0.4,0.1,lw,0.0,,
2,3.5,0,0.01,0.8324730396270752,0,50.0,0.0,100.0,0.5,455,0.1,1,0.5954607434570949,decrease,False,artifact2-angle1-noise0-speed0.0-samples1,0.017453292519943295,40,0.82,41,none,0.6,0.4,0.1,lw,0.0,,
2,3.5,1,0.01,1.0788731575012207,0,50.0,0.0,100.0,0.5,456,0.1,1,0.5841503886470373,increase,False,artifact2-angle1-noise0-speed0.0-samples1,0.017453292519943295,40,0.82,42,image,0.6,0.4,0.1,lw,0.0,335.29150390625,488.65240478515625
2,3.5,0,0.01,1.4974749088287354,0,50.0,0.0,100.0,0.5,457,0.1,1,0.6302757882893801,decrease,False,artifact2-angle1-noise0-speed0.0-samples1,0.017453292519943295,40,0.82,43,none,0.6,0.4,0.1,lw,0.0,,
2,3.5,0,0.01,0.6971564292907715,0,50.0,0.0,100.0,0.5,458,0.1,1,0.6173271324119237,decrease,False,artifact2-angle1-noise0-speed0.0-samples1,0.017453292519943295,40,0.82,44,none,0.6,0.4,0.1,lw,0.0,,
2,3.5,0,0.01,0.9313936233520508,0,50.0,0.0,100.0,0.5,459,0.1,1,0.6025484109527712,decrease,False,artifact2-angle1-noise0-speed0.0-samples1,0.017453292519943295,40,0.82,45,none,0.6,0.4,0.1,lw,0.0,,
2,3.5,0,0.01,1.3452870845794678,0,50.0,0.0,100.0,0.5,460,0.1,1,0.591976642086491,decrease,False,artifact2-angle1-noise0-speed0.0-samples1,0.017453292519943295,40,0.82,46,none,0.6,0.4,0.1,lw,0.0,,
2,3.5,0,0.01,1.0697603225708008,0,50.0,0.0,100.0,0.5,461,0.1,1,0.5839817945140192,decrease,False,artifact2-angle1-noise0-speed0.0-samples1,0.017453292519943295,40,0.82,47,none,0.6,0.4,0.1,lw,0.0,,
2,3.5,0,0.01,0.96085524559021,0,50.0,0.0,100.0,0.5,462,0.1,1,0.5772680272654691,decrease,False,artifact2-angle1-noise0-speed0.0-samples1,0.017453292519943295,40,0.82,48,none,0.6,0.4,0.1,lw,0.0,,
2,3.5,0,0.01,1.1520943641662598,0,50.0,0.0,100.0,0.5,463,0.1,1,0.5715124644381948,decrease,False,artifact2-angle1-noise0-speed0.0-samples1,0.017453292519943295,40,0.82,49,none,0.6,0.4,0.1,lw,0.0,,
2,3.5,0,0.01,0.6901049613952637,0,50.0,0.0,100.0,0.5,464,0.1,1,0.5664595326527598,decrease,False,artifact2-angle1-noise0-speed0.0-samples1,0.017453292519943295,40,0.82,50,none,0.6,0.4,0.1,lw,0.0,,
2,3.5,0,0.01,1.3055415153503418,0,50.0,0.0,100.0,0.5,465,0.1,1,0.5619024662089898,decrease,False,artifact2-angle1-noise0-speed0.0-samples1,0.017453292519943295,40,0.82,51,none,0.6,0.4,0.1,lw,0.0,,
2,3.5,0,0.01,1.4289414882659912,0,50.0,0.0,100.0,0.5,472,0.1,1,0.5576696604834956,decrease,False,artifact2-angle1-noise0-speed0.0-samples1,0.017453292519943295,40,0.82,52,none,0.6,0.4,0.1,lw,0.0,,
2,3.5,0,0.01,0.8041272163391113,0,50.0,0.0,100.0,0.5,473,0.1,1,0.5536144250500532,decrease,False,artifact2-angle1-noise0-speed0.0-samples1,0.017453292519943295,40,0.82,53,none,0.6,0.4,0.1,lw,0.0,,
2,3.5,0,0.01,0.7963285446166992,0,50.0,0.0,100.0,0.5,474,0.1,1,0.5496071220311055,decrease,False,artifact2-angle1-noise0-speed0.0-samples1,0.017453292519943295,40,0.82,54,none,0.6,0.4,0.1,lw,0.0,,
2,3.5,0,0.01,1.293616771697998,0,50.0,0.0,100.0,0.5,475,0.1,1,0.5449249072054314,decrease,False,artifact2-angle1-noise0-speed0.0-samples1,0.017453292519943295,40,0.82,55,none,0.6,0.4,0.1,lw,0.0,,
2,3.5,0,0.01,2.6127591133117676,0,50.0,0.0,100.0,0.5,476,0.1,1,0.5396281966493067,decrease,False,artifact2-angle1-noise0-speed0.0-samples1,0.017453292519943295,40,0.82,56,none,0.6,0.4,0.1,lw,0.0,,
2,3.5,0,0.01,1.1691741943359375,0,50.0,0.0,100.0,0.5,477,0.1,1,0.5335218772246475,decrease,False,artifact2-angle1-noise0-speed0.0-samples1,0.017453292519943295,40,0.82,57,none,0.6,0.4,0.1,lw,0.0,,
2,3.5,0,0.01,1.001474142074585,0,50.0,0.0,100.0,0.5,478,0.1,1,0.5263716349772336,decrease,False,artifact2-angle1-noise0-speed0.0-samples1,0.017453292519943295,40,0.82,58,none,0.6,0.4,0.1,lw,0.0,,
2,3.5,0,0.01,2.058580160140991,0,50.0,0.0,100.0,0.5,479,0.1,1,0.5178919599548699,decrease,False,artifact2-angle1-noise0-speed0.0-samples1,0.017453292519943295,40,0.82,59,none,0.6,0.4,0.1,lw,0.0,,
1,3.5,0,0.01,9.097323894500732,0,35.0,0.0,100.0,0.5,8,0.1,1,0.6,decrease,False,artifact1-angle1-noise0-speed0.0-samples1,0.017453292519943295,40,0.82,1,none,0.6,0.4,0.1,lw,0.0,,
1,3.5,0,0.01,2.055877685546875,0,35.0,0.0,100.0,0.5,9,0.1,1,0.5216060210317498,decrease,False,artifact1-angle1-noise0-speed0.0-samples1,0.017453292519943295,40,0.82,2,none,0.6,0.4,0.1,lw,0.0,,
1,3.5,0,0.01,5.584066390991211,0,35.0,0.0,100.0,0.5,10,0.1,1,0.4226637653003655,decrease,False,artifact1-angle1-noise0-speed0.0-samples1,0.017453292519943295,40,0.82,3,none,0.6,0.4,0.1,lw,0.0,,
1,3.5,0,0.01,3.5659191608428955,0,35.0,0.0,100.0,0.5,11,0.1,1,0.3390815897579037,decrease,False,artifact1-angle1-noise0-speed0.0-samples1,0.017453292519943295,40,0.82,4,none,0.6,0.4,0.1,lw,0.0,,
1,3.5,0,0.01,2.9213593006134033,0,35.0,0.0,100.0,0.5,12,0.1,1,0.263106634003767,decrease,False,artifact1-angle1-noise0-speed0.0-samples1,0.017453292519943295,40,0.82,5,none,0.6,0.4,0.1,lw,0.0,,
1,3.5,1,0.01,2.429408311843872,0,35.0,0.0,100.0,0.5,13,0.1,1,0.20110407062551072,increase,False,artifact1-angle1-noise0-speed0.0-samples1,0.017453292519943295,40,0.82,6,image,0.6,0.4,0.1,lw,0.0,359.33642578125,301.34063720703125
1,3.5,0,0.01,2.041991710662842,0,35.0,0.0,100.0,0.5,21,0.1,1,0.37331209375204943,decrease,False,artifact1-angle1-noise0-speed0.0-samples1,0.017453292519943295,40,0.82,7,none,0.6,0.4,0.1,lw,0.0,,
1,3.5,0,0.01,1.863001823425293,0,35.0,0.0,100.0,0.5,22,0.1,1,0.33025857096673855,decrease,False,artifact1-angle1-noise0-speed0.0-samples1,0.017453292519943295,40,0.82,8,none,0.6,0.4,0.1,lw,0.0,,
1,3.5,0,0.01,1.7261123657226562,0,35.0,0.0,100.0,0.5,23,0.1,1,0.2914323472720829,decrease,False,artifact1-angle1-noise0-speed0.0-samples1,0.017453292519943295,40,0.82,9,none,0.6,0.4,0.1,lw,0.0,,
1,3.5,1,0.01,2.7365498542785645,0,35.0,0.0,100.0,0.5,24,0.1,1,0.26638156742204167,increase,False,artifact1-angle1-noise0-speed0.0-samples1,0.017453292519943295,40,0.82,10,image,0.6,0.4,0.1,lw,0.0,358.517822265625,468.6641845703125
1,3.5,0,0.01,1.9166390895843506,0,35.0,0.0,100.0,0.5,33,0.1,1,0.3694652200766873,decrease,False,artifact1-angle1-noise0-speed0.0-samples1,0.017453292519943295,40,0.82,11,none,0.6,0.4,0.1,lw,0.0,,
1,3.5,0,0.01,1.4940526485443115,0,35.0,0.0,100.0,0.5,34,0.1,1,0.34272910857842775,decrease,False,artifact1-angle1-noise0-speed0.0-samples1,0.017453292519943295,40,0.82,12,none,0.6,0.4,0.1,lw,0.0,,
1,3.5,1,0.01,1.2522342205047607,0,35.0,0.0,100.0,0.5,35,0.1,1,0.3175871590311771,increase,False,artifact1-angle1-noise0-speed0.0-samples1,0.017453292519943295,40,0.82,13,image,0.6,0.4,0.1,lw,0.0,397.9879150390625,371.24066162109375
1,3.5,1,0.01,1.0133609771728516,0,35.0,0.0,100.0,0.5,75,0.1,1,0.37742496662311154,increase,False,artifact1-angle1-noise0-speed0.0-samples1,0.017453292519943295,40,0.82,14,image,0.6,0.4,0.1,lw,0.0,379.244140625,357.56219482421875
1,3.5,0,0.01,1.7271792888641357,0,35.0,0.0,100.0,0.5,118,0.1,1,0.48264096818564556,decrease,False,artifact1-angle1-noise0-speed0.0-samples1,0.017453292519943295,40,0.82,15,none,0.6,0.4,0.1,lw,0.0,,
1,3.5,0,0.01,0.8059868812561035,0,35.0,0.0,100.0,0.5,119,0.1,1,0.4494821875827687,decrease,False,artifact1-angle1-noise0-speed0.0-samples1,0.017453292519943295,40,0.82,16,none,0.6,0.4,0.1,lw,0.0,,
1,3.5,0,0.01,0.9788665771484375,0,35.0,0.0,100.0,0.5,120,0.1,1,0.42071293815432853,decrease,False,artifact1-angle1-noise0-speed0.0-samples1,0.017453292519943295,40,0.82,17,none,0.6,0.4,0.1,lw,0.0,,
1,3.5,0,0.01,1.0623016357421875,0,35.0,0.0,100.0,0.5,121,0.1,1,0.39490094358736916,decrease,False,artifact1-angle1-noise0-speed0.0-samples1,0.017453292519943295,40,0.82,18,none,0.6,0.4,0.1,lw,0.0,,
1,3.5,1,0.01,1.1454110145568848,0,35.0,0.0,100.0,0.5,122,0.1,1,0.38108090177521703,increase,False,artifact1-angle1-noise0-speed0.0-samples1,0.017453292519943295,40,0.82,19,image,0.6,0.4,0.1,lw,0.0,447.1468505859375,379.0159912109375
1,3.5,0,0.01,3.0768866539001465,0,35.0,0.0,100.0,0.5,154,0.1,1,0.44329369898386034,decrease,False,artifact1-angle1-noise0-speed0.0-samples1,0.017453292519943295,40,0.82,20,none,0.6,0.4,0.1,lw,0.0,,
1,3.5,0,0.01,0.8868978023529053,0,35.0,0.0,100.0,0.5,155,0.1,1,0.42135176325971546,decrease,False,artifact1-angle1-noise0-speed0.0-samples1,0.017453292519943295,40,0.82,21,none,0.6,0.4,0.1,lw,0.0,,
1,3.5,0,0.01,0.9040462970733643,0,35.0,0.0,100.0,0.5,156,0.1,1,0.3989578277352835,decrease,False,artifact1-angle1-noise0-speed0.0-samples1,0.017453292519943295,40,0.82,22,none,0.6,0.4,0.1,lw,0.0,,
1,3.5,0,0.01,2.0337882041931152,0,35.0,0.0,100.0,0.5,157,0.1,1,0.3878698933277752,decrease,False,artifact1-angle1-noise0-speed0.0-samples1,0.017453292519943295,40,0.82,23,none,0.6,0.4,0.1,lw,0.0,,
1,3.5,0,0.01,0.6492204666137695,0,35.0,0.0,100.0,0.5,218,0.1,1,0.37907748721534035,decrease,False,artifact1-angle1-noise0-speed0.0-samples1,0.017453292519943295,40,0.82,24,none,0.6,0.4,0.1,lw,0.0,,
1,3.5,0,0.01,0.8435132503509521,0,35.0,0.0,100.0,0.5,219,0.1,1,0.37188979602173433,decrease,False,artifact1-angle1-noise0-speed0.0-samples1,0.017453292519943295,40,0.82,25,none,0.6,0.4,0.1,lw,0.0,,
1,3.5,0,0.01,2.0891308784484863,0,35.0,0.0,100.0,0.5,220,0.1,1,0.36581177360673184,decrease,False,artifact1-angle1-noise0-speed0.0-samples1,0.017453292519943295,40,0.82,26,none,0.6,0.4,0.1,lw,0.0,,
1,3.5,0,0.01,1.8049001693725586,0,35.0,0.0,100.0,0.5,221,0.1,1,0.3604796896205908,decrease,False,artifact1-angle1-noise0-speed0.0-samples1,0.017453292519943295,40,0.82,27,none,0.6,0.4,0.1,lw,0.0,,
1,3.5,0,0.01,1.3237535953521729,0,35.0,0.0,100.0,0.5,222,0.1,1,0.35561802584037167,decrease,False,artifact1-angle1-noise0-speed0.0-samples1,0.017453292519943295,40,0.82,28,none,0.6,0.4,0.1,lw,0.0,,
1,3.5,0,0.01,2.6034183502197266,0,35.0,0.0,100.0,0.5,252,0.1,1,0.351010286592471,decrease,False,artifact1-angle1-noise0-speed0.0-samples1,0.017453292519943295,40,0.82,29,none,0.6,0.4,0.1,lw,0.0,,
1,3.5,0,0.01,1.5060245990753174,0,35.0,0.0,100.0,0.5,253,0.1,1,0.3464789115081982,decrease,False,artifact1-angle1-noise0-speed0.0-samples1,0.017453292519943295,40,0.82,30,none,0.6,0.4,0.1,lw,0.0,,
1,3.5,1,0.01,1.979085922241211,0,35.0,0.0,100.0,0.5,254,0.1,1,0.3412353426151231,increase,False,artifact1-angle1-noise0-speed0.0-samples1,0.017453292519943295,40,0.82,31,image,0.6,0.4,0.1,lw,0.0,412.1549072265625,336.1368408203125
1,3.5,1,0.01,2.7022926807403564,0,35.0,0.0,100.0,0.5,292,0.1,1,0.3540385575791775,increase,False,artifact1-angle1-noise0-speed0.0-samples1,0.017453292519943295,40,0.82,32,image,0.6,0.4,0.1,lw,0.0,484.887939453125,336.0740966796875
1,3.5,1,0.01,2.510240316390991,0,35.0,0.0,100.0,0.5,310,0.1,1,0.37132105898268275,increase,False,artifact1-angle1-noise0-speed0.0-samples1,0.017453292519943295,40,0.82,33,image,0.6,0.4,0.1,lw,0.0,418.9415283203125,355.20025634765625
1,3.5,1,0.01,2.1994762420654297,0,35.0,0.0,100.0,0.5,326,0.1,1,0.38812862487414734,increase,False,artifact1-angle1-noise0-speed0.0-samples1,0.017453292519943295,40,0.82,34,image,0.6,0.4,0.1,lw,0.0,413.98974609375,352.570556640625
1,3.5,0,0.01,2.2359964847564697,0,35.0,0.0,100.0,0.5,392,0.1,1,0.42079931753288274,decrease,False,artifact1-angle1-noise0-speed0.0-samples1,0.017453292519943295,40,0.82,35,none,0.6,0.4,0.1,lw,0.0,,
1,3.5,0,0.01,1.6575558185577393,0,35.0,0.0,100.0,0.5,393,0.1,1,0.4067441866027439,decrease,False,artifact1-angle1-noise0-speed0.0-samples1,0.017453292519943295,40,0.82,36,none,0.6,0.4,0.1,lw,0.0,,
1,3.5,0,0.01,0.46410107612609863,0,35.0,0.0,100.0,0.5,398,0.1,1,0.39531992428581764,decrease,False,artifact1-angle1-noise0-speed0.0-samples1,0.017453292519943295,40,0.82,37,none,0.6,0.4,0.1,lw,0.0,,
1,3.5,0,0.01,1.670814037322998,0,35.0,0.0,100.0,0.5,399,0.1,1,0.3882921676261669,decrease,False,artifact1-angle1-noise0-speed0.0-samples1,0.017453292519943295,40,0.82,38,none,0.6,0.4,0.1,lw,0.0,,
1,3.5,0,0.01,1.6557245254516602,0,35.0,0.0,100.0,0.5,411,0.1,1,0.38266955747280296,decrease,False,artifact1-angle1-noise0-speed0.0-samples1,0.017453292519943295,40,0.82,39,none,0.6,0.4,0.1,lw,0.0,,
1,3.5,0,0.01,0.9384126663208008,0,35.0,0.0,100.0,0.5,412,0.1,1,0.3781325345773895,decrease,False,artifact1-angle1-noise0-speed0.0-samples1,0.017453292519943295,40,0.82,40,none,0.6,0.4,0.1,lw,0.0,,
8,3.5,0,0.01,37.20623254776001,0,150.0,0.0,100.0,0.5,4,0.1,1,0.6,decrease,False,artifact8-angle10-noise0-speed0.0-samples1,0.17453292519943295,40,0.82,1,none,0.6,0.4,0.1,lw,0.0,,
8,3.5,0,0.01,2.4425010681152344,0,150.0,0.0,100.0,0.5,5,0.1,1,0.5216060210317498,decrease,False,artifact8-angle10-noise0-speed0.0-samples1,0.17453292519943295,40,0.82,2,none,0.6,0.4,0.1,lw,0.0,,
8,3.5,1,0.01,9.729780912399292,0,150.0,0.0,100.0,0.5,6,0.1,1,0.4226637653003655,increase,False,artifact8-angle10-noise0-speed0.0-samples1,0.17453292519943295,40,0.82,3,image,0.6,0.4,0.1,lw,0.0,323.6302490234375,399.507568359375
8,3.5,1,0.01,4.3857972621917725,0,150.0,0.0,100.0,0.5,17,0.1,1,0.6665139850134931,increase,False,artifact8-angle10-noise0-speed0.0-samples1,0.17453292519943295,40,0.82,4,image,0.6,0.4,0.1,lw,0.0,449.6971435546875,487.889404296875
8,3.5,1,0.01,1.0663249492645264,0,150.0,0.0,100.0,0.5,42,0.1,1,0.9397775144060024,increase,False,artifact8-angle10-noise0-speed0.0-samples1,0.17453292519943295,40,0.82,5,image,0.6,0.4,0.1,lw,0.0,408.418212890625,514.9970092773438
8,3.5,1,0.01,0.9937427043914795,0,150.0,0.0,100.0,0.5,67,0.1,1,1.1123255944892365,decrease,True,artifact8-angle10-noise0-speed0.0-samples1,0.17453292519943295,40,0.82,5,none,0.6,0.4,0.1,lw,0.0,,
8,3.5,1,0.01,2.125648260116577,0,150.0,0.0,100.0,0.5,68,0.1,1,1.0615373020699934,decrease,True,artifact8-angle10-noise0-speed0.0-samples1,0.17453292519943295,40,0.82,5,none,0.6,0.4,0.1,lw,0.0,,
8,3.5,0,0.01,0.9649496078491211,0,150.0,0.0,100.0,0.5,69,0.1,1,1.0206523994634746,increase,True,artifact8-angle10-noise0-speed0.0-samples1,0.17453292519943295,40,0.82,5,image,0.6,0.4,0.1,lw,0.0,295.700439453125,215.61846923828125
8,3.5,1,0.01,1.350956678390503,0,150.0,0.0,100.0,0.5,86,0.1,1,1.1123255944892365,increase,False,artifact8-angle10-noise0-speed0.0-samples1,0.17453292519943295,40,0.82,9,image,0.6,0.4,0.1,lw,0.0,445.291748046875,335.8671875
8,3.5,1,0.01,0.7330167293548584,0,150.0,0.0,100.0,0.5,103,0.1,1,1.270194539828233,decrease,True,artifact8-angle10-noise0-speed0.0-samples1,0.17453292519943295,40,0.82,9,none,0.6,0.4,0.1,lw,0.0,,
8,3.5,1,0.01,1.355238914489746,0,150.0,0.0,100.0,0.5,104,0.1,1,1.229320203218255,decrease,True,artifact8-angle10-noise0-speed0.0-samples1,0.17453292519943295,40,0.82,9,none,0.6,0.4,0.1,lw,0.0,,
8,3.5,0,0.01,0.9534943103790283,0,150.0,0.0,100.0,0.5,105,0.1,1,1.1901037139140036,increase,True,artifact8-angle10-noise0-speed0.0-samples1,0.17453292519943295,40,0.82,9,image,0.6,0.4,0.1,lw,0.0,337.712158203125,443.697998046875
8,3.5,0,0.01,0.7392237186431885,0,150.0,0.0,100.0,0.5,161,0.1,1,1.270194539828233,decrease,False,artifact8-angle10-noise0-speed0.0-samples1,0.17453292519943295,40,0.82,13,none,0.6,0.4,0.1,lw,0.0,,
8,3.5,0,0.01,0.8064875602722168,0,150.0,0.0,100.0,0.5,162,0.1,1,1.229320203218255,decrease,False,artifact8-angle10-noise0-speed0.0-samples1,0.17453292519943295,40,0.82,14,none,0.6,0.4,0.1,lw,0.0,,
8,3.5,0,0.01,1.743318796157837,0,150.0,0.0,100.0,0.5,163,0.1,1,1.1901037139140036,decrease,False,artifact8-angle10-noise0-speed0.0-samples1,0.17453292519943295,40,0.82,15,none,0.6,0.4,0.1,lw,0.0,,
8,3.5,1,0.01,0.8442506790161133,0,150.0,0.0,100.0,0.5,164,0.1,1,1.1632324729811514,increase,False,artifact8-angle10-noise0-speed0.0-samples1,0.17453292519943295,40,0.82,16,image,0.6,0.4,0.1,lw,0.0,470.6883544921875,539.3692626953125
8,3.5,0,0.01,1.510779619216919,0,150.0,0.0,100.0,0.5,189,0.1,1,1.271932349178415,decrease,False,artifact8-angle10-noise0-speed0.0-samples1,0.17453292519943295,40,0.82,17,none,0.6,0.4,0.1,lw,0.0,,
8,3.5,0,0.01,1.20871901512146,0,150.0,0.0,100.0,0.5,190,0.1,1,1.2462081410884798,decrease,False,artifact8-angle10-noise0-speed0.0-samples1,0.17453292519943295,40,0.82,18,none,0.6,0.4,0.1,lw,0.0,,
8,3.5,0,0.01,1.1591155529022217,0,150.0,0.0,100.0,0.5,191,0.1,1,1.221270016990117,decrease,False,artifact8-angle10-noise0-speed0.0-samples1,0.17453292519943295,40,0.82,19,none,0.6,0.4,0.1,lw,0.0,,
8,3.5,1,0.01,0.9384255409240723,0,150.0,0.0,100.0,0.5,192,0.1,1,1.1963691690132183,increase,False,artifact8-angle10-noise0-speed0.0-samples1,0.17453292519943295,40,0.82,20,image,0.6,0.4,0.1,lw,0.0,405.3304443359375,189.2576904296875
8,3.5,0,0.01,1.5477290153503418,0,150.0,0.0,100.0,0.5,208,0.1,1,1.2626638079005958,decrease,False,artifact8-angle10-noise0-speed0.0-samples1,0.17453292519943295,40,0.82,21,none,0.6,0.4,0.1,lw,0.0,,
8,3.5,0,0.01,2.027568817138672,0,150.0,0.0,100.0,0.5,209,0.1,1,1.2443857247552264,decrease,False,artifact8-angle10-noise0-speed0.0-samples1,0.17453292519943295,40,0.82,22,none,0.6,0.4,0.1,lw,0.0,,
8,3.5,0,0.01,0.8277497291564941,0,150.0,0.0,100.0,0.5,210,0.1,1,1.2266474366136007,decrease,False,artifact8-angle10-noise0-speed0.0-samples1,0.17453292519943295,40,0.82,23,none,0.6,0.4,0.1,lw,0.0,,
8,3.5,0,0.01,0.9911458492279053,0,150.0,0.0,100.0,0.5,211,0.1,1,1.2073584999870528,decrease,False,artifact8-angle10-noise0-speed0.0-samples1,0.17453292519943295,40,0.82,24,none,0.6,0.4,0.1,lw,0.0,,
8,3.5,0,0.01,2.2877492904663086,0,150.0,0.0,100.0,0.5,267,0.1,1,1.1925905861579684,decrease,False,artifact8-angle10-noise0-speed0.0-samples1,0.17453292519943295,40,0.82,25,none,0.6,0.4,0.1,lw,0.0,,
8,3.5,0,0.01,0.8845579624176025,0,150.0,0.0,100.0,0.5,268,0.1,1,1.18296536285523,decrease,False,artifact8-angle10-noise0-speed0.0-samples1,0.17453292519943295,40,0.82,26,none,0.6,0.4,0.1,lw,0.0,,
8,3.5,0,0.01,1.4738655090332031,0,150.0,0.0,100.0,0.5,269,0.1,1,1.1750105857638946,decrease,False,artifact8-angle10-noise0-speed0.0-samples1,0.17453292519943295,40,0.82,27,none,0.6,0.4,0.1,lw,0.0,,
8,3.5,0,0.01,1.6466484069824219,0,150.0,0.0,100.0,0.5,270,0.1,1,1.1682417427368403,decrease,False,artifact8-angle10-noise0-speed0.0-samples1,0.17453292519943295,40,0.82,28,none,0.6,0.4,0.1,lw,0.0,,
8,3.5,0,0.01,1.8411004543304443,0,150.0,0.0,100.0,0.5,293,0.1,1,1.162292173288463,decrease,False,artifact8-angle10-noise0-speed0.0-samples1,0.17453292519943295,40,0.82,29,none,0.6,0.4,0.1,lw,0.0,,
8,3.5,0,0.01,1.219578504562378,0,150.0,0.0,100.0,0.5,294,0.1,1,1.1568768122398922,decrease,False,artifact8-angle10-noise0-speed0.0-samples1,0.17453292519943295,40,0.82,30,none,0.6,0.4,0.1,lw,0.0,,
8,3.5,0,0.01,1.3641462326049805,0,150.0,0.0,100.0,0.5,295,0.1,1,1.1517667555449025,decrease,False,artifact8-angle10-noise0-speed0.0-samples1,0.17453292519943295,40,0.82,31,none,0.6,0.4,0.1,lw,0.0,,
8,3.5,0,0.01,1.6681218147277832,0,150.0,0.0,100.0,0.5,296,0.1,1,1.1467711283549424,decrease,False,artifact8-angle10-noise0-speed0.0-samples1,0.17453292519943295,40,0.82,32,none,0.6,0.4,0.1,lw,0.0,,
8,3.5,0,0.01,0.6886284351348877,0,150.0,0.0,100.0,0.5,333,0.1,1,1.1410594979598392,decrease,False,artifact8-angle10-noise0-speed0.0-samples1,0.17453292519943295,40,0.82,33,none,0.6,0.4,0.1,lw,0.0,,
8,3.5,0,0.01,1.208207607269287,0,150.0,0.0,100.0,0.5,334,0.1,1,1.1346545287995524,decrease,False,artifact8-angle10-noise0-speed0.0-samples1,0.17453292519943295,40,0.82,34,none,0.6,0.4,0.1,lw,0.0,,
8,3.5,0,0.01,1.329282283782959,0,150.0,0.0,100.0,0.5,335,0.1,1,1.1273418117296097,decrease,False,artifact8-angle10-noise0-speed0.0-samples1,0.17453292519943295,40,0.82,35,none,0.6,0.4,0.1,lw,0.0,,
8,3.5,1,0.01,2.3108444213867188,0,150.0,0.0,100.0,0.5,336,0.1,1,1.1188719632849145,increase,False,artifact8-angle10-noise0-speed0.0-samples1,0.17453292519943295,40,0.82,36,image,0.6,0.4,0.1,lw,0.0,568.063720703125,486.8740234375
8,3.5,0,0.01,1.657395601272583,0,150.0,0.0,100.0,0.5,364,0.1,1,1.14041273329073,decrease,False,artifact8-angle10-noise0-speed0.0-samples1,0.17453292519943295,40,0.82,37,none,0.6,0.4,0.1,lw,0.0,,
8,3.5,0,0.01,0.8075234889984131,0,150.0,0.0,100.0,0.5,365,0.1,1,1.1344049781877743,decrease,False,artifact8-angle10-noise0-speed0.0-samples1,0.17453292519943295,40,0.82,38,none,0.6,0.4,0.1,lw,0.0,,
8,3.5,0,0.01,1.000046730041504,0,150.0,0.0,100.0,0.5,366,0.1,1,1.127512529625717,decrease,False,artifact8-angle10-noise0-speed0.0-samples1,0.17453292519943295,40,0.82,39,none,0.6,0.4,0.1,lw,0.0,,
8,3.5,0,0.01,1.7908802032470703,0,150.0,0.0,100.0,0.5,367,0.1,1,1.119508087115866,decrease,False,artifact8-angle10-noise0-speed0.0-samples1,0.17453292519943295,40,0.82,40,none,0.6,0.4,0.1,lw,0.0,,
8,3.5,0,0.01,1.1654489040374756,0,150.0,0.0,100.0,0.5,368,0.1,1,1.1101245188468916,decrease,False,artifact8-angle10-noise0-speed0.0-samples1,0.17453292519943295,40,0.82,41,none,0.6,0.4,0.1,lw,0.0,,
8,3.5,1,0.01,1.7072503566741943,0,150.0,0.0,100.0,0.5,369,0.1,1,1.0993714930158363,increase,False,artifact8-angle10-noise0-speed0.0-samples1,0.17453292519943295,40,0.82,42,image,0.6,0.4,0.1,lw,0.0,504.2210693359375,394.6151123046875
8,3.5,0,0.01,1.1963369846343994,0,150.0,0.0,100.0,0.5,394,0.1,1,1.1276027186160236,decrease,False,artifact8-angle10-noise0-speed0.0-samples1,0.17453292519943295,40,0.82,43,none,0.6,0.4,0.1,lw,0.0,,
8,3.5,0,0.01,0.9140760898590088,0,150.0,0.0,100.0,0.5,395,0.1,1,1.119936096502069,decrease,False,artifact8-angle10-noise0-speed0.0-samples1,0.17453292519943295,40,0.82,44,none,0.6,0.4,0.1,lw,0.0,,
8,3.5,1,0.01,0.8146111965179443,0,150.0,0.0,100.0,0.5,396,0.1,1,1.110928077027208,increase,False,artifact8-angle10-noise0-speed0.0-samples1,0.17453292519943295,40,0.82,45,image,0.6,0.4,0.1,lw,0.0,541.8270263671875,526.26806640625
8,3.5,1,0.01,1.5618669986724854,0,150.0,0.0,100.0,0.5,400,0.1,1,1.1340460545676998,decrease,True,artifact8-angle10-noise0-speed0.0-samples1,0.17453292519943295,40,0.82,45,none,0.6,0.4,0.1,lw,0.0,,
8,3.5,0,0.01,3.18776535987854,0,150.0,0.0,100.0,0.5,408,0.1,1,1.1340460545676998,decrease,False,artifact8-angle10-noise0-speed0.0-samples1,0.17453292519943295,40,0.82,47,none,0.6,0.4,0.1,lw,0.0,,
8,3.5,0,0.01,12.9138662815094,0,133.0,0.0,100.0,0.5,14,0.1,1,0.6,decrease,False,artifact8-angle22.5-noise0-speed0.0-samples1,0.39269908169872414,40,0.82,1,none,0.6,0.4,0.1,lw,0.0,,
8,3.5,0,0.01,2.644409418106079,0,133.0,0.0,100.0,0.5,15,0.1,1,0.5216060210317498,decrease,False,artifact8-angle22.5-noise0-speed0.0-samples1,0.39269908169872414,40,0.82,2,none,0.6,0.4,0.1,lw,0.0,,
8,3.5,1,0.01,4.206993341445923,0,133.0,0.0,100.0,0.5,16,0.1,1,0.4226637653003655,increase,False,artifact8-angle22.5-noise0-speed0.0-samples1,0.39269908169872414,40,0.82,3,image,0.6,0.4,0.1,lw,0.0,510.8341064453125,487.3045654296875
8,3.5,1,0.01,1.742030382156372,0,133.0,0.0,100.0,0.5,43,0.1,1,0.6665139850134931,decrease,True,artifact8-angle22.5-noise0-speed0.0-samples1,0.39269908169872414,40,0.82,3,none,0.6,0.4,0.1,lw,0.0,,
8,3.5,1,0.01,1.3619489669799805,0,133.0,0.0,100.0,0.5,44,0.1,1,0.5940212102352899,decrease,True,artifact8-angle22.5-noise0-speed0.0-samples1,0.39269908169872414,40,0.82,3,none,0.6,0.4,0.1,lw,0.0,,
8,3.5,1,0.01,0.7883439064025879,0,133.0,0.0,100.0,0.5,45,0.1,1,0.5467286950583006,decrease,True,artifact8-angle22.5-noise0-speed0.0-samples1,0.39269908169872414,40,0.82,3,none,0.6,0.4,0.1,lw,0.0,,
8,3.5,1,0.01,2.3503639698028564,0,133.0,0.0,100.0,0.5,46,0.1,1,0.5017088049137854,decrease,True,artifact8-angle22.5-noise0-speed0.0-samples1,0.39269908169872414,40,0.82,3,none,0.6,0.4,0.1,lw,0.0,,
8,3.5,0,0.01,1.6571884155273438,0,133.0,0.0,100.0,0.5,47,0.1,1,0.47279471091865727,increase,True,artifact8-angle22.5-noise0-speed0.0-samples1,0.39269908169872414,40,0.82,3,image,0.6,0.4,0.1,lw,0.0,452.834228515625,438.73858642578125
8,3.5,1,0.01,2.262394905090332,0,133.0,0.0,100.0,0.5,100,0.1,1,0.6665139850134931,decrease,True,artifact8-angle22.5-noise0-speed0.0-samples1,0.39269908169872414,40,0.82,8,none,0.6,0.4,0.1,lw,0.0,,
8,3.5,1,0.01,0.7351131439208984,0,133.0,0.0,100.0,0.5,101,0.1,1,0.5940212102352899,decrease,True,artifact8-angle22.5-noise0-speed0.0-samples1,0.39269908169872414,40,0.82,8,none,0.6,0.4,0.1,lw,0.0,,
8,3.5,0,0.01,1.0259404182434082,0,133.0,0.0,100.0,0.5,102,0.1,1,0.5467286950583006,increase,True,artifact8-angle22.5-noise0-speed0.0-samples1,0.39269908169872414,40,0.82,8,image,0.6,0.4,0.1,lw,0.0,426.8353271484375,443.34906005859375
8,3.5,0,0.01,1.815645456314087,0,133.0,0.0,100.0,0.5,130,0.1,1,0.6665139850134931,decrease,False,artifact8-angle22.5-noise0-speed0.0-samples1,0.39269908169872414,40,0.82,12,none,0.6,0.4,0.1,lw,0.0,,
8,3.5,0,0.01,1.007950782775879,0,133.0,0.0,100.0,0.5,131,0.1,1,0.5940212102352899,decrease,False,artifact8-angle22.5-noise0-speed0.0-samples1,0.39269908169872414,40,0.82,13,none,0.6,0.4,0.1,lw,0.0,,
8,3.5,0,0.01,1.687673568725586,0,133.0,0.0,100.0,0.5,132,0.1,1,0.5467286950583006,decrease,False,artifact8-angle22.5-noise0-speed0.0-samples1,0.39269908169872414,40,0.82,14,none,0.6,0.4,0.1,lw,0.0,,
8,3.5,1,0.01,1.640122890472412,0,133.0,0.0,100.0,0.5,133,0.1,1,0.5017088049137854,increase,False,artifact8-angle22.5-noise0-speed0.0-samples1,0.39269908169872414,40,0.82,15,image,0.6,0.4,0.1,lw,0.0,399.8310546875,372.0980224609375
8,3.5,0,0.01,2.309363842010498,0,133.0,0.0,100.0,0.5,150,0.1,1,0.6191332221539264,decrease,False,artifact8-angle22.5-noise0-speed0.0-samples1,0.39269908169872414,40,0.82,16,none,0.6,0.4,0.1,lw,0.0,,
8,3.5,0,0.01,1.0217983722686768,0,133.0,0.0,100.0,0.5,151,0.1,1,0.5791307834579168,decrease,False,artifact8-angle22.5-noise0-speed0.0-samples1,0.39269908169872414,40,0.82,17,none,0.6,0.4,0.1,lw,0.0,,
8,3.5,0,0.01,1.6952171325683594,0,133.0,0.0,100.0,0.5,152,0.1,1,0.5526501284207612,decrease,False,artifact8-angle22.5-noise0-speed0.0-samples1,0.39269908169872414,40,0.82,18,none,0.6,0.4,0.1,lw,0.0,,
8,3.5,1,0.01,1.4700260162353516,0,133.0,0.0,100.0,0.5,153,0.1,1,0.5300112879221102,increase,False,artifact8-angle22.5-noise0-speed0.0-samples1,0.39269908169872414,40,0.82,19,image,0.6,0.4,0.1,lw,0.0,358.8216552734375,265.30841064453125
8,3.5,0,0.01,0.8313524723052979,0,133.0,0.0,100.0,0.5,173,0.1,1,0.5807035540053749,decrease,False,artifact8-angle22.5-noise0-speed0.0-samples1,0.39269908169872414,40,0.82,20,none,0.6,0.4,0.1,lw,0.0,,
8,3.5,0,0.01,1.076833724975586,0,133.0,0.0,100.0,0.5,174,0.1,1,0.5621674269725297,decrease,False,artifact8-angle22.5-noise0-speed0.0-samples1,0.39269908169872414,40,0.82,21,none,0.6,0.4,0.1,lw,0.0,,
8,3.5,0,0.01,0.9601073265075684,0,133.0,0.0,100.0,0.5,175,0.1,1,0.5464629369329064,decrease,False,artifact8-angle22.5-noise0-speed0.0-samples1,0.39269908169872414,40,0.82,22,none,0.6,0.4,0.1,lw,0.0,,
8,3.5,0,0.01,1.2667181491851807,0,133.0,0.0,100.0,0.5,176,0.1,1,0.5316460304072814,decrease,False,artifact8-angle22.5-noise0-speed0.0-samples1,0.39269908169872414,40,0.82,23,none,0.6,0.4,0.1,lw,0.0,,
8,3.5,1,0.01,0.7565956115722656,0,133.0,0.0,100.0,0.5,177,0.1,1,0.5157108844837969,increase,False,artifact8-angle22.5-noise0-speed0.0-samples1,0.39269908169872414,40,0.82,24,image,0.6,0.4,0.1,lw,0.0,430.294189453125,335.26904296875
8,3.5,0,0.01,1.1896708011627197,0,133.0,0.0,100.0,0.5,197,0.1,1,0.5542861101355822,decrease,False,artifact8-angle22.5-noise0-speed0.0-samples1,0.39269908169872414,40,0.82,25,none,0.6,0.4,0.1,lw,0.0,,
8,3.5,0,0.01,0.8428313732147217,0,133.0,0.0,100.0,0.5,198,0.1,1,0.542364145888213,decrease,False,artifact8-angle22.5-noise0-speed0.0-samples1,0.39269908169872414,40,0.82,26,none,0.6,0.4,0.1,lw,0.0,,
8,3.5,0,0.01,1.4060194492340088,0,133.0,0.0,100.0,0.5,199,0.1,1,0.5304433154951127,decrease,False,artifact8-angle22.5-noise0-speed0.0-samples1,0.39269908169872414,40,0.82,27,none,0.6,0.4,0.1,lw,0.0,,
8,3.5,0,0.01,1.621213674545288,0,133.0,0.0,100.0,0.5,217,0.1,1,0.5174746873916023,increase,True,artifact8-angle22.5-noise0-speed0.0-samples1,0.39269908169872414,40,0.82,27,image,0.6,0.4,0.1,lw,0.0,313.89990234375,495.93829345703125
8,3.5,1,0.01,0.7304267883300781,0,133.0,0.0,100.0,0.5,241,0.1,1,0.5174746873916023,decrease,True,artifact8-angle22.5-noise0-speed0.0-samples1,0.39269908169872414,40,0.82,28,none,0.6,0.4,0.1,lw,0.0,,
8,3.5,1,0.01,2.9036612510681152,0,133.0,0.0,100.0,0.5,242,0.1,1,0.5029543500348728,decrease,True,artifact8-angle22.5-noise0-speed0.0-samples1,0.39269908169872414,40,0.82,28,none,0.6,0.4,0.1,lw,0.0,,
8,3.5,1,0.01,1.2881252765655518,0,133.0,0.0,100.0,0.5,243,0.1,1,0.49292857186535244,decrease,True,artifact8-angle22.5-noise0-speed0.0-samples1,0.39269908169872414,40,0.82,28,none,0.6,0.4,0.1,lw,0.0,,
8,3.5,1,0.01,0.8190312385559082,0,133.0,0.0,100.0,0.5,244,0.1,1,0.48573575587017875,decrease,True,artifact8-angle22.5-noise0-speed0.0-samples1,0.39269908169872414,40,0.82,28,none,0.6,0.4,0.1,lw,0.0,,
8,3.5,1,0.01,6.013254880905151,0,133.0,0.0,100.0,0.5,258,0.1,1,0.5174746873916023,decrease,True,artifact8-angle22.5-noise0-speed0.0-samples1,0.39269908169872414,40,0.82,32,none,0.6,0.4,0.1,lw,0.0,,
8,3.5,0,0.01,2.050107717514038,0,133.0,0.0,100.0,0.5,271,0.1,1,0.5174746873916023,decrease,False,artifact8-angle22.5-noise0-speed0.0-samples1,0.39269908169872414,40,0.82,34,none,0.6,0.4,0.1,lw,0.0,,
8,3.5,1,0.01,0.6823549270629883,0,133.0,0.0,100.0,0.5,281,0.1,1,0.5029543500348728,decrease,True,artifact8-angle22.5-noise0-speed0.0-samples1,0.39269908169872414,40,0.82,34,none,0.6,0.4,0.1,lw,0.0,,
8,3.5,1,0.01,1.1910521984100342,0,133.0,0.0,100.0,0.5,282,0.1,1,0.49292857186535244,decrease,True,artifact8-angle22.5-noise0-speed0.0-samples1,0.39269908169872414,40,0.82,34,none,0.6,0.4,0.1,lw,0.0,,
8,3.5,1,0.01,2.1044223308563232,0,133.0,0.0,100.0,0.5,283,0.1,1,0.48573575587017875,decrease,True,artifact8-angle22.5-noise0-speed0.0-samples1,0.39269908169872414,40,0.82,34,none,0.6,0.4,0.1,lw,0.0,,
8,3.5,0,0.01,1.0081138610839844,0,133.0,0.0,100.0,0.5,322,0.1,1,0.5029543500348728,decrease,False,artifact8-angle22.5-noise0-speed0.0-samples1,0.39269908169872414,40,0.82,38,none,0.6,0.4,0.1,lw,0.0,,
8,3.5,0,0.01,1.1844513416290283,0,133.0,0.0,100.0,0.5,323,0.1,1,0.49292857186535244,decrease,False,artifact8-angle22.5-noise0-speed0.0-samples1,0.39269908169872414,40,0.82,39,none,0.6,0.4,0.1,lw,0.0,,
8,3.5,0,0.01,1.499922513961792,0,133.0,0.0,100.0,0.5,324,0.1,1,0.48573575587017875,decrease,False,artifact8-angle22.5-noise0-speed0.0-samples1,0.39269908169872414,40,0.82,40,none,0.6,0.4,0.1,lw,0.0,,
8,3.5,0,0.01,1.3239109516143799,0,133.0,0.0,100.0,0.5,325,0.1,1,0.4798474468800799,decrease,False,artifact8-angle22.5-noise0-speed0.0-samples1,0.39269908169872414,40,0.82,41,none,0.6,0.4,0.1,lw,0.0,,
8,3.5,0,0.01,3.220301628112793,0,133.0,0.0,100.0,0.5,345,0.1,1,0.47495672484894746,decrease,False,artifact8-angle22.5-noise0-speed0.0-samples1,0.39269908169872414,40,0.82,42,none,0.6,0.4,0.1,lw,0.0,,
8,3.5,0,0.01,0.9353868961334229,0,133.0,0.0,100.0,0.5,346,0.1,1,0.47082718193711437,decrease,False,artifact8-angle22.5-noise0-speed0.0-samples1,0.39269908169872414,40,0.82,43,none,0.6,0.4,0.1,lw,0.0,,
8,3.5,0,0.01,1.2075283527374268,0,133.0,0.0,100.0,0.5,347,0.1,1,0.4672736017151073,decrease,False,artifact8-angle22.5-noise0-speed0.0-samples1,0.39269908169872414,40,0.82,44,none,0.6,0.4,0.1,lw,0.0,,
8,3.5,0,0.01,1.2247309684753418,0,133.0,0.0,100.0,0.5,348,0.1,1,0.4641481088971175,decrease,False,artifact8-angle22.5-noise0-speed0.0-samples1,0.39269908169872414,40,0.82,45,none,0.6,0.4,0.1,lw,0.0,,
8,3.5,1,0.01,0.8954391479492188,0,133.0,0.0,100.0,0.5,377,0.1,1,0.46133009860880725,increase,False,artifact8-angle22.5-noise0-speed0.0-samples1,0.39269908169872414,40,0.82,46,image,0.6,0.4,0.1,lw,0.0,297.8455810546875,301.20831298828125
8,3.5,0,0.01,1.640073299407959,0,133.0,0.0,100.0,0.5,403,0.1,1,0.4733033136975435,decrease,False,artifact8-angle22.5-noise0-speed0.0-samples1,0.39269908169872414,40,0.82,47,none,0.6,0.4,0.1,lw,0.0,,
8,3.5,0,0.01,0.7178974151611328,0,133.0,0.0,100.0,0.5,404,0.1,1,0.47014110808245224,decrease,False,artifact8-angle22.5-noise0-speed0.0-samples1,0.39269908169872414,40,0.82,48,none,0.6,0.4,0.1,lw,0.0,,
8,3.5,0,0.01,0.7552328109741211,0,133.0,0.0,100.0,0.5,405,0.1,1,0.4674505213528026,decrease,False,artifact8-angle22.5-noise0-speed0.0-samples1,0.39269908169872414,40,0.82,49,none,0.6,0.4,0.1,lw,0.0,,
8,3.5,0,0.01,0.7861199378967285,0,133.0,0.0,100.0,0.5,406,0.1,1,0.46512516492029704,decrease,False,artifact8-angle22.5-noise0-speed0.0-samples1,0.39269908169872414,40,0.82,50,none,0.6,0.4,0.1,lw,0.0,,
8,3.5,1,0.01,0.9415531158447266,0,133.0,0.0,100.0,0.5,407,0.1,1,0.46307792819220617,increase,False,artifact8-angle22.5-noise0-speed0.0-samples1,0.39269908169872414,40,0.82,51,image,0.6,0.4,0.1,lw,0.0,445.864501953125,268.35791015625
8,3.5,1,0.01,1.0497958660125732,0,133.0,0.0,100.0,0.5,430,0.1,1,0.4715224013562346,decrease,True,artifact8-angle22.5-noise0-speed0.0-samples1,0.39269908169872414,40,0.82,51,none,0.6,0.4,0.1,lw,0.0,,
8,3.5,1,0.01,0.7703723907470703,0,133.0,0.0,100.0,0.5,431,0.1,1,0.46902123158815945,decrease,True,artifact8-angle22.5-noise0-speed0.0-samples1,0.39269908169872414,40,0.82,51,none,0.6,0.4,0.1,lw,0.0,,
8,3.5,1,0.01,0.8894155025482178,0,133.0,0.0,100.0,0.5,432,0.1,1,0.46691002827512723,decrease,True,artifact8-angle22.5-noise0-speed0.0-samples1,0.39269908169872414,40,0.82,51,none,0.6,0.4,0.1,lw,0.0,,
8,3.5,1,0.01,1.0403378009796143,0,133.0,0.0,100.0,0.5,433,0.1,1,0.4651087504531401,decrease,True,artifact8-angle22.5-noise0-speed0.0-samples1,0.39269908169872414,40,0.82,51,none,0.6,0.4,0.1,lw,0.0,,
8,3.5,0,0.01,1.3159918785095215,0,133.0,0.0,100.0,0.5,438,0.1,1,0.4715224013562346,decrease,False,artifact8-angle22.5-noise0-speed0.0-samples1,0.39269908169872414,40,0.82,56,none,0.6,0.4,0.1,lw,0.0,,
8,3.5,0,0.01,0.8387644290924072,0,133.0,0.0,100.0,0.5,439,0.1,1,0.46902123158815945,decrease,False,artifact8-angle22.5-noise0-speed0.0-samples1,0.39269908169872414,40,0.82,57,none,0.6,0.4,0.1,lw,0.0,,
8,3.5,0,0.01,1.1653544902801514,0,133.0,0.0,100.0,0.5,440,0.1,1,0.46691002827512723,decrease,False,artifact8-angle22.5-noise0-speed0.0-samples1,0.39269908169872414,40,0.82,58,none,0.6,0.4,0.1,lw,0.0,,
8,3.5,0,0.01,1.116030216217041,0,133.0,0.0,100.0,0.5,441,0.1,1,0.4651087504531401,decrease,False,artifact8-angle22.5-noise0-speed0.0-samples1,0.39269908169872414,40,0.82,59,none,0.6,0.4,0.1,lw,0.0,,
8,3.5,0,0.01,2.8833067417144775,0,133.0,0.0,100.0,0.5,446,0.1,1,0.46355164663545756,decrease,False,artifact8-angle22.5-noise0-speed0.0-samples1,0.39269908169872414,40,0.82,60,none,0.6,0.4,0.1,lw,0.0,,
8,3.5,0,0.01,0.8256311416625977,0,133.0,0.0,100.0,0.5,447,0.1,1,0.4621840374045824,decrease,False,artifact8-angle22.5-noise0-speed0.0-samples1,0.39269908169872414,40,0.82,61,none,0.6,0.4,0.1,lw,0.0,,
8,3.5,0,0.01,5.324844837188721,0,116.0,0.0,100.0,0.5,90,0.1,1,0.6,decrease,False,artifact8-angle36-noise0-speed0.0-samples1,0.6283185307179586,40,0.82,1,none,0.6,0.4,0.1,lw,0.0,,
8,3.5,0,0.01,1.312544584274292,0,116.0,0.0,100.0,0.5,91,0.1,1,0.5216060210317498,decrease,False,artifact8-angle36-noise0-speed0.0-samples1,0.6283185307179586,40,0.82,2,none,0.6,0.4,0.1,lw,0.0,,
8,3.5,1,0.01,1.0828311443328857,0,116.0,0.0,100.0,0.5,92,0.1,1,0.4226637653003655,increase,False,artifact8-angle36-noise0-speed0.0-samples1,0.6283185307179586,40,0.82,3,image,0.6,0.4,0.1,lw,0.0,369.5892333984375,382.4041748046875
8,3.5,1,0.01,0.7018814086914062,0,116.0,0.0,100.0,0.5,123,0.1,1,0.6665139850134931,decrease,True,artifact8-angle36-noise0-speed0.0-samples1,0.6283185307179586,40,0.82,3,none,0.6,0.4,0.1,lw,0.0,,
8,3.5,1,0.01,0.9603481292724609,0,116.0,0.0,100.0,0.5,124,0.1,1,0.5940212102352899,decrease,True,artifact8-angle36-noise0-speed0.0-samples1,0.6283185307179586,40,0.82,3,none,0.6,0.4,0.1,lw,0.0,,
8,3.5,0,0.01,1.6319482326507568,0,116.0,0.0,100.0,0.5,125,0.1,1,0.5467286950583006,increase,True,artifact8-angle36-noise0-speed0.0-samples1,0.6283185307179586,40,0.82,3,image,0.6,0.4,0.1,lw,0.0,420.897216796875,279.9613037109375
8,3.5,0,0.01,0.6894290447235107,0,116.0,0.0,100.0,0.5,142,0.1,1,0.6665139850134931,decrease,False,artifact8-angle36-noise0-speed0.0-samples1,0.6283185307179586,40,0.82,7,none,0.6,0.4,0.1,lw,0.0,,
8,3.5,0,0.01,1.35793137550354,0,116.0,0.0,100.0,0.5,143,0.1,1,0.5940212102352899,decrease,False,artifact8-angle36-noise0-speed0.0-samples1,0.6283185307179586,40,0.82,8,none,0.6,0.4,0.1,lw,0.0,,
8,3.5,0,0.01,1.0367960929870605,0,116.0,0.0,100.0,0.5,144,0.1,1,0.5467286950583006,decrease,False,artifact8-angle36-noise0-speed0.0-samples1,0.6283185307179586,40,0.82,9,none,0.6,0.4,0.1,lw,0.0,,
8,3.5,1,0.01,1.5632882118225098,0,116.0,0.0,100.0,0.5,145,0.1,1,0.5017088049137854,increase,False,artifact8-angle36-noise0-speed0.0-samples1,0.6283185307179586,40,0.82,10,image,0.6,0.4,0.1,lw,0.0,502.5123291015625,396.18988037109375
8,3.5,0,0.01,5.018444776535034,0,116.0,0.0,100.0,0.5,169,0.1,1,0.6191332221539264,decrease,False,artifact8-angle36-noise0-speed0.0-samples1,0.6283185307179586,40,0.82,11,none,0.6,0.4,0.1,lw,0.0,,
8,3.5,0,0.01,1.1276018619537354,0,116.0,0.0,100.0,0.5,170,0.1,1,0.5791307834579168,decrease,False,artifact8-angle36-noise0-speed0.0-samples1,0.6283185307179586,40,0.82,12,none,0.6,0.4,0.1,lw,0.0,,
8,3.5,0,0.01,0.843062162399292,0,116.0,0.0,100.0,0.5,171,0.1,1,0.5526501284207612,decrease,False,artifact8-angle36-noise0-speed0.0-samples1,0.6283185307179586,40,0.82,13,none,0.6,0.4,0.1,lw,0.0,,
8,3.5,0,0.01,3.0835673809051514,0,116.0,0.0,100.0,0.5,216,0.1,1,0.5300112879221102,decrease,False,artifact8-angle36-noise0-speed0.0-samples1,0.6283185307179586,40,0.82,14,none,0.6,0.4,0.1,lw,0.0,,
8,3.5,0,0.01,1.1864235401153564,0,116.0,0.0,100.0,0.5,264,0.1,1,0.5066635138530043,decrease,False,artifact8-angle36-noise0-speed0.0-samples1,0.6283185307179586,40,0.82,15,none,0.6,0.4,0.1,lw,0.0,,
8,3.5,0,0.01,1.1871109008789062,0,116.0,0.0,100.0,0.5,265,0.1,1,0.4896113098287205,decrease,False,artifact8-angle36-noise0-speed0.0-samples1,0.6283185307179586,40,0.82,16,none,0.6,0.4,0.1,lw,0.0,,
8,3.5,0,0.01,1.5765998363494873,0,116.0,0.0,100.0,0.5,266,0.1,1,0.47774718856325016,decrease,False,artifact8-angle36-noise0-speed0.0-samples1,0.6283185307179586,40,0.82,17,none,0.6,0.4,0.1,lw,0.0,,
8,3.5,1,0.01,1.8574118614196777,0,116.0,0.0,100.0,0.5,275,0.1,1,0.46775591398381855,decrease,True,artifact8-angle36-noise0-speed0.0-samples1,0.6283185307179586,40,0.82,17,none,0.6,0.4,0.1,lw,0.0,,
8,3.5,0,0.01,3.042367935180664,0,116.0,0.0,100.0,0.5,305,0.1,1,0.46775591398381855,decrease,False,artifact8-angle36-noise0-speed0.0-samples1,0.6283185307179586,40,0.82,19,none,0.6,0.4,0.1,lw,0.0,,
8,3.5,1,0.01,1.136443853378296,0,116.0,0.0,100.0,0.5,321,0.1,1,0.45899553675085314,increase,False,artifact8-angle36-noise0-speed0.0-samples1,0.6283185307179586,40,0.82,20,image,0.6,0.4,0.1,lw,0.0,427.062255859375,482.88897705078125
8,3.5,0,0.01,1.3231887817382812,0,116.0,0.0,100.0,0.5,361,0.1,1,0.49573525273997626,decrease,False,artifact8-angle36-noise0-speed0.0-samples1,0.6283185307179586,40,0.82,21,none,0.6,0.4,0.1,lw,0.0,,
8,3.5,0,0.01,1.0861868858337402,0,116.0,0.0,100.0,0.5,362,0.1,1,0.4860281693901301,decrease,False,artifact8-angle36-noise0-speed0.0-samples1,0.6283185307179586,40,0.82,22,none,0.6,0.4,0.1,lw,0.0,,
8,3.5,0,0.01,1.3909211158752441,0,116.0,0.0,100.0,0.5,363,0.1,1,0.4781104545608677,decrease,False,artifact8-angle36-noise0-speed0.0-samples1,0.6283185307179586,40,0.82,23,none,0.6,0.4,0.1,lw,0.0,,
8,3.5,0,0.01,0.5084168910980225,0,116.0,0.0,100.0,0.5,401,0.1,1,0.4714772803366485,decrease,False,artifact8-angle36-noise0-speed0.0-samples1,0.6283185307179586,40,0.82,24,none,0.6,0.4,0.1,lw,0.0,,
8,3.5,0,0.01,2.3679122924804688,0,116.0,0.0,100.0,0.5,402,0.1,1,0.46575222714112136,decrease,False,artifact8-angle36-noise0-speed0.0-samples1,0.6283185307179586,40,0.82,25,none,0.6,0.4,0.1,lw,0.0,,
8,3.5,1,0.01,1.9238417148590088,0,116.0,0.0,100.0,0.5,426,0.1,1,0.4606473597364364,decrease,True,artifact8-angle36-noise0-speed0.0-samples1,0.6283185307179586,40,0.82,25,none,0.6,0.4,0.1,lw,0.0,,
8,3.5,0,0.01,2.5758438110351562,0,116.0,0.0,100.0,0.5,448,0.1,1,0.4606473597364364,decrease,False,artifact8-angle36-noise0-speed0.0-samples1,0.6283185307179586,40,0.82,27,none,0.6,0.4,0.1,lw,0.0,,
8,3.5,0,0.01,0.8221967220306396,0,116.0,0.0,100.0,0.5,449,0.1,1,0.45593567558471176,decrease,False,artifact8-angle36-noise0-speed0.0-samples1,0.6283185307179586,40,0.82,28,none,0.6,0.4,0.1,lw,0.0,,
8,3.5,0,0.01,0.838860273361206,0,116.0,0.0,100.0,0.5,450,0.1,1,0.45143179555456475,decrease,False,artifact8-angle36-noise0-speed0.0-samples1,0.6283185307179586,40,0.82,29,none,0.6,0.4,0.1,lw,0.0,,
8,3.5,0,0.01,0.7729504108428955,0,116.0,0.0,100.0,0.5,451,0.1,1,0.44697816550503094,decrease,False,artifact8-angle36-noise0-speed0.0-samples1,0.6283185307179586,40,0.82,30,none,0.6,0.4,0.1,lw,0.0,,
8,3.5,0,0.01,1.4662487506866455,0,116.0,0.0,100.0,0.5,466,0.1,1,0.4417867940102371,decrease,False,artifact8-angle36-noise0-speed0.0-samples1,0.6283185307179586,40,0.82,31,none,0.6,0.4,0.1,lw,0.0,,
8,3.5,0,0.01,0.8415565490722656,0,116.0,0.0,100.0,0.5,467,0.1,1,0.43593401251087416,decrease,False,artifact8-angle36-noise0-speed0.0-samples1,0.6283185307179586,40,0.82,32,none,0.6,0.4,0.1,lw,0.0,,
8,3.5,0,0.01,1.0783812999725342,0,116.0,0.0,100.0,0.5,468,0.1,1,0.4292240822707847,decrease,False,artifact8-angle36-noise0-speed0.0-samples1,0.6283185307179586,40,0.82,33,none,0.6,0.4,0.1,lw,0.0,,
8,3.5,0,0.01,0.839576005935669,0,116.0,0.0,100.0,0.5,469,0.1,1,0.4214281009315733,decrease,False,artifact8-angle36-noise0-speed0.0-samples1,0.6283185307179586,40,0.82,34,none,0.6,0.4,0.1,lw,0.0,,
8,3.5,0,0.01,0.86751389503479,0,116.0,0.0,100.0,0.5,470,0.1,1,0.4122748795000256,decrease,False,artifact8-angle36-noise0-speed0.0-samples1,0.6283185307179586,40,0.82,35,none,0.6,0.4,0.1,lw,0.0,,
8,3.5,0,0.01,1.077991008758545,0,116.0,0.0,100.0,0.5,471,0.1,1,0.40143978611230297,decrease,False,artifact8-angle36-noise0-speed0.0-samples1,0.6283185307179586,40,0.82,36,none,0.6,0.4,0.1,lw,0.0,,
8,3.5,1,0.01,2.0707719326019287,0,116.0,0.0,100.0,0.5,480,0.1,1,0.3933617622350496,increase,False,artifact8-angle36-noise0-speed0.0-samples1,0.6283185307179586,40,0.82,37,image,0.6,0.4,0.1,lw,0.0,392.7625732421875,434.8724365234375
8,3.5,0,0.01,1.4805045127868652,0,116.0,0.0,100.0,0.5,481,0.1,1,0.42209543087759294,decrease,False,artifact8-angle36-noise0-speed0.0-samples1,0.6283185307179586,40,0.82,38,none,0.6,0.4,0.1,lw,0.0,,
8,3.5,0,0.01,0.8380343914031982,0,116.0,0.0,100.0,0.5,482,0.1,1,0.41343896866562596,decrease,False,artifact8-angle36-noise0-speed0.0-samples1,0.6283185307179586,40,0.82,39,none,0.6,0.4,0.1,lw,0.0,,
8,3.5,0,0.01,0.906667947769165,0,116.0,0.0,100.0,0.5,483,0.1,1,0.4032066388071666,decrease,False,artifact8-angle36-noise0-speed0.0-samples1,0.6283185307179586,40,0.82,40,none,0.6,0.4,0.1,lw,0.0,,
8,3.5,0,0.01,3.330167531967163,0,116.0,0.0,100.0,0.5,484,0.1,1,0.3947082595997071,decrease,False,artifact8-angle36-noise0-speed0.0-samples1,0.6283185307179586,40,0.82,41,none,0.6,0.4,0.1,lw,0.0,,
8,3.5,0,0.01,1.4271507263183594,0,116.0,0.0,100.0,0.5,485,0.1,1,0.3884378863964358,decrease,False,artifact8-angle36-noise0-speed0.0-samples1,0.6283185307179586,40,0.82,42,none,0.6,0.4,0.1,lw,0.0,,
8,3.5,0,0.01,0.6642475128173828,0,116.0,0.0,100.0,0.5,486,0.1,1,0.3832259315660012,decrease,False,artifact8-angle36-noise0-speed0.0-samples1,0.6283185307179586,40,0.82,43,none,0.6,0.4,0.1,lw,0.0,,
8,3.5,0,0.01,0.859257698059082,0,116.0,0.0,100.0,0.5,487,0.1,1,0.3788796301130484,decrease,False,artifact8-angle36-noise0-speed0.0-samples1,0.6283185307179586,40,0.82,44,none,0.6,0.4,0.1,lw,0.0,,
8,3.5,0,0.01,0.8781521320343018,0,116.0,0.0,100.0,0.5,488,0.1,1,0.37524114547716914,decrease,False,artifact8-angle36-noise0-speed0.0-samples1,0.6283185307179586,40,0.82,45,none,0.6,0.4,0.1,lw,0.0,,
8,3.5,0,0.01,3.2522783279418945,0,100.0,0.0,100.0,0.5,3,0.1,1,0.6,decrease,False,artifact8-angle45-noise0-speed0.0-samples1,0.7853981633974483,40,0.82,1,none,0.6,0.4,0.1,lw,0.0,,
8,3.5,0,0.01,5.525093078613281,0,100.0,0.0,100.0,0.5,19,0.1,1,0.5216060210317498,decrease,False,artifact8-angle45-noise0-speed0.0-samples1,0.7853981633974483,40,0.82,2,none,0.6,0.4,0.1,lw,0.0,,
8,3.5,1,0.01,1.6284916400909424,0,100.0,0.0,100.0,0.5,20,0.1,1,0.4226637653003655,increase,False,artifact8-angle45-noise0-speed0.0-samples1,0.7853981633974483,40,0.82,3,image,0.6,0.4,0.1,lw,0.0,365.968505859375,410.69244384765625
8,3.5,1,0.01,1.9446780681610107,0,100.0,0.0,100.0,0.5,61,0.1,1,0.6665139850134931,increase,False,artifact8-angle45-noise0-speed0.0-samples1,0.7853981633974483,40,0.82,4,image,0.6,0.4,0.1,lw,0.0,433.9521484375,484.2305908203125
8,3.5,0,0.01,1.9051766395568848,0,100.0,0.0,100.0,0.5,70,0.1,1,0.9397775144060024,decrease,False,artifact8-angle45-noise0-speed0.0-samples1,0.7853981633974483,40,0.82,5,none,0.6,0.4,0.1,lw,0.0,,
8,3.5,0,0.01,0.8720600605010986,0,100.0,0.0,100.0,0.5,71,0.1,1,0.8726936563787069,decrease,False,artifact8-angle45-noise0-speed0.0-samples1,0.7853981633974483,40,0.82,6,none,0.6,0.4,0.1,lw,0.0,,
8,3.5,0,0.01,0.9897105693817139,0,100.0,0.0,100.0,0.5,72,0.1,1,0.822429015176475,decrease,False,artifact8-angle45-noise0-speed0.0-samples1,0.7853981633974483,40,0.82,7,none,0.6,0.4,0.1,lw,0.0,,
8,3.5,0,0.01,0.8872201442718506,0,100.0,0.0,100.0,0.5,73,0.1,1,0.7803876040415126,decrease,False,artifact8-angle45-noise0-speed0.0-samples1,0.7853981633974483,40,0.82,8,none,0.6,0.4,0.1,lw,0.0,,
8,3.5,0,0.01,3.311934471130371,0,100.0,0.0,100.0,0.5,74,0.1,1,0.7506678112851941,decrease,False,artifact8-angle45-noise0-speed0.0-samples1,0.7853981633974483,40,0.82,9,none,0.6,0.4,0.1,lw,0.0,,
8,3.5,0,0.01,2.35421085357666,0,100.0,0.0,100.0,0.5,93,0.1,1,0.7247371915142302,decrease,False,artifact8-angle45-noise0-speed0.0-samples1,0.7853981633974483,40,0.82,10,none,0.6,0.4,0.1,lw,0.0,,
8,3.5,0,0.01,1.1429774761199951,0,100.0,0.0,100.0,0.5,94,0.1,1,0.697129670492304,decrease,False,artifact8-angle45-noise0-speed0.0-samples1,0.7853981633974483,40,0.82,11,none,0.6,0.4,0.1,lw,0.0,,
8,3.5,1,0.01,1.2077841758728027,0,100.0,0.0,100.0,0.5,95,0.1,1,0.6788117637038047,increase,False,artifact8-angle45-noise0-speed0.0-samples1,0.7853981633974483,40,0.82,12,image,0.6,0.4,0.1,lw,0.0,357.8997802734375,417.23590087890625
8,3.5,0,0.01,1.728496789932251,0,100.0,0.0,100.0,0.5,134,0.1,1,0.7514603724432696,decrease,False,artifact8-angle45-noise0-speed0.0-samples1,0.7853981633974483,40,0.82,13,none,0.6,0.4,0.1,lw,0.0,,
8,3.5,0,0.01,0.9420263767242432,0,100.0,0.0,100.0,0.5,135,0.1,1,0.7338556512655783,decrease,False,artifact8-angle45-noise0-speed0.0-samples1,0.7853981633974483,40,0.82,14,none,0.6,0.4,0.1,lw,0.0,,
8,3.5,0,0.01,1.0954475402832031,0,100.0,0.0,100.0,0.5,136,0.1,1,0.7153131800564804,decrease,False,artifact8-angle45-noise0-speed0.0-samples1,0.7853981633974483,40,0.82,15,none,0.6,0.4,0.1,lw,0.0,,
8,3.5,1,0.01,0.802600622177124,0,100.0,0.0,100.0,0.5,137,0.1,1,0.6967687940089813,increase,False,artifact8-angle45-noise0-speed0.0-samples1,0.7853981633974483,40,0.82,16,image,0.6,0.4,0.1,lw,0.0,328.159912109375,454.77203369140625
8,3.5,0,0.01,1.6755287647247314,0,100.0,0.0,100.0,0.5,158,0.1,1,0.7469924462823219,decrease,False,artifact8-angle45-noise0-speed0.0-samples1,0.7853981633974483,40,0.82,17,none,0.6,0.4,0.1,lw,0.0,,
8,3.5,0,0.01,0.8248462677001953,0,100.0,0.0,100.0,0.5,159,0.1,1,0.7329877680203902,decrease,False,artifact8-angle45-noise0-speed0.0-samples1,0.7853981633974483,40,0.82,18,none,0.6,0.4,0.1,lw,0.0,,
8,3.5,1,0.01,0.6319229602813721,0,100.0,0.0,100.0,0.5,160,0.1,1,0.7179013307165012,increase,False,artifact8-angle45-noise0-speed0.0-samples1,0.7853981633974483,40,0.82,19,image,0.6,0.4,0.1,lw,0.0,397.9686279296875,426.33282470703125
8,3.5,1,0.01,1.5121703147888184,0,100.0,0.0,100.0,0.5,172,0.1,1,0.7544021195371339,increase,False,artifact8-angle45-noise0-speed0.0-samples1,0.7853981633974483,40,0.82,20,image,0.6,0.4,0.1,lw,0.0,354.2847900390625,468.8309326171875
8,3.5,0,0.01,1.542799711227417,0,100.0,0.0,100.0,0.5,193,0.1,1,0.8108385521979401,decrease,False,artifact8-angle45-noise0-speed0.0-samples1,0.7853981633974483,40,0.82,21,none,0.6,0.4,0.1,lw,0.0,,
8,3.5,0,0.01,1.8437690734863281,0,100.0,0.0,100.0,0.5,194,0.1,1,0.7919176851047013,decrease,False,artifact8-angle45-noise0-speed0.0-samples1,0.7853981633974483,40,0.82,22,none,0.6,0.4,0.1,lw,0.0,,
8,3.5,0,0.01,1.177410364151001,0,100.0,0.0,100.0,0.5,195,0.1,1,0.7806205282547658,decrease,False,artifact8-angle45-noise0-speed0.0-samples1,0.7853981633974483,40,0.82,23,none,0.6,0.4,0.1,lw,0.0,,
8,3.5,1,0.01,0.8207788467407227,0,100.0,0.0,100.0,0.5,196,0.1,1,0.7713978246531432,increase,False,artifact8-angle45-noise0-speed0.0-samples1,0.7853981633974483,40,0.82,24,image,0.6,0.4,0.1,lw,0.0,438.205810546875,457.44866943359375
8,3.5,0,0.01,0.7861530780792236,0,100.0,0.0,100.0,0.5,224,0.1,1,0.812361249179276,decrease,False,artifact8-angle45-noise0-speed0.0-samples1,0.7853981633974483,40,0.82,25,none,0.6,0.4,0.1,lw,0.0,,
8,3.5,0,0.01,1.120802640914917,0,100.0,0.0,100.0,0.5,225,0.1,1,0.7952799758437576,decrease,False,artifact8-angle45-noise0-speed0.0-samples1,0.7853981633974483,40,0.82,26,none,0.6,0.4,0.1,lw,0.0,,
8,3.5,0,0.01,1.1902439594268799,0,100.0,0.0,100.0,0.5,226,0.1,1,0.7859069078842631,decrease,False,artifact8-angle45-noise0-speed0.0-samples1,0.7853981633974483,40,0.82,27,none,0.6,0.4,0.1,lw,0.0,,
8,3.5,0,0.01,2.2132351398468018,0,100.0,0.0,100.0,0.5,238,0.1,1,0.7784053518158561,decrease,False,artifact8-angle45-noise0-speed0.0-samples1,0.7853981633974483,40,0.82,28,none,0.6,0.4,0.1,lw,0.0,,
8,3.5,0,0.01,0.9667861461639404,0,100.0,0.0,100.0,0.5,239,0.1,1,0.7722446229687415,decrease,False,artifact8-angle45-noise0-speed0.0-samples1,0.7853981633974483,40,0.82,29,none,0.6,0.4,0.1,lw,0.0,,
8,3.5,0,0.01,1.4715099334716797,0,100.0,0.0,100.0,0.5,240,0.1,1,0.7670366465350104,decrease,False,artifact8-angle45-noise0-speed0.0-samples1,0.7853981633974483,40,0.82,30,none,0.6,0.4,0.1,lw,0.0,,
8,3.5,0,0.01,1.9996426105499268,0,100.0,0.0,100.0,0.5,255,0.1,1,0.7624910833592432,decrease,False,artifact8-angle45-noise0-speed0.0-samples1,0.7853981633974483,40,0.82,31,none,0.6,0.4,0.1,lw,0.0,,
8,3.5,0,0.01,1.0559892654418945,0,100.0,0.0,100.0,0.5,256,0.1,1,0.7583847100938166,decrease,False,artifact8-angle45-noise0-speed0.0-samples1,0.7853981633974483,40,0.82,32,none,0.6,0.4,0.1,lw,0.0,,
8,3.5,0,0.01,2.2668678760528564,0,100.0,0.0,100.0,0.5,257,0.1,1,0.7545402580568967,decrease,False,artifact8-angle45-noise0-speed0.0-samples1,0.7853981633974483,40,0.82,33,none,0.6,0.4,0.1,lw,0.0,,
8,3.5,1,0.01,2.2009613513946533,0,100.0,0.0,100.0,0.5,315,0.1,1,0.750811553879287,decrease,True,artifact8-angle45-noise0-speed0.0-samples1,0.7853981633974483,40,0.82,33,none,0.6,0.4,0.1,lw,0.0,,
8,3.5,1,0.01,0.8564937114715576,0,100.0,0.0,100.0,0.5,316,0.1,1,0.7470728707429631,decrease,True,artifact8-angle45-noise0-speed0.0-samples1,0.7853981633974483,40,0.82,33,none,0.6,0.4,0.1,lw,0.0,,
8,3.5,1,0.01,1.3575825691223145,0,100.0,0.0,100.0,0.5,317,0.1,1,0.7426156765489975,decrease,True,artifact8-angle45-noise0-speed0.0-samples1,0.7853981633974483,40,0.82,33,none,0.6,0.4,0.1,lw,0.0,,
8,3.5,1,0.01,2.075533628463745,0,100.0,0.0,100.0,0.5,318,0.1,1,0.7375648844148045,decrease,True,artifact8-angle45-noise0-speed0.0-samples1,0.7853981633974483,40,0.82,33,none,0.6,0.4,0.1,lw,0.0,,
8,3.5,0,0.01,2.4776265621185303,0,100.0,0.0,100.0,0.5,319,0.1,1,0.7317587716594863,increase,True,artifact8-angle45-noise0-speed0.0-samples1,0.7853981633974483,40,0.82,33,image,0.6,0.4,0.1,lw,0.0,433.2120361328125,486.4161376953125
8,3.5,0,0.01,0.9018876552581787,0,100.0,0.0,100.0,0.5,341,0.1,1,0.750811553879287,decrease,False,artifact8-angle45-noise0-speed0.0-samples1,0.7853981633974483,40,0.82,39,none,0.6,0.4,0.1,lw,0.0,,
8,3.5,0,0.01,0.9496598243713379,0,100.0,0.0,100.0,0.5,342,0.1,1,0.7470728707429631,decrease,False,artifact8-angle45-noise0-speed0.0-samples1,0.7853981633974483,40,0.82,40,none,0.6,0.4,0.1,lw,0.0,,
8,3.5,0,0.01,1.5348808765411377,0,100.0,0.0,100.0,0.5,343,0.1,1,0.7426156765489975,decrease,False,artifact8-angle45-noise0-speed0.0-samples1,0.7853981633974483,40,0.82,41,none,0.6,0.4,0.1,lw,0.0,,
8,3.5,0,0.01,0.9697763919830322,0,100.0,0.0,100.0,0.5,344,0.1,1,0.7375648844148045,decrease,False,artifact8-angle45-noise0-speed0.0-samples1,0.7853981633974483,40,0.82,42,none,0.6,0.4,0.1,lw,0.0,,
8,3.5,0,0.01,1.1516096591949463,0,100.0,0.0,100.0,0.5,370,0.1,1,0.7317587716594863,decrease,False,artifact8-angle45-noise0-speed0.0-samples1,0.7853981633974483,40,0.82,43,none,0.6,0.4,0.1,lw,0.0,,
8,3.5,0,0.01,0.9134566783905029,0,100.0,0.0,100.0,0.5,371,0.1,1,0.7250097735027368,decrease,False,artifact8-angle45-noise0-speed0.0-samples1,0.7853981633974483,40,0.82,44,none,0.6,0.4,0.1,lw,0.0,,
8,3.5,0,0.01,0.9388480186462402,0,100.0,0.0,100.0,0.5,372,0.1,1,0.7170982113118696,decrease,False,artifact8-angle45-noise0-speed0.0-samples1,0.7853981633974483,40,0.82,45,none,0.6,0.4,0.1,lw,0.0,,
8,3.5,1,0.01,6.327389240264893,10,200.0,0.1,100.0,0.5,2,0.1,1,0.6,increase,False,artifact8-angle1-noise10-speed0.0-samples1,0.017453292519943295,40,0.82,1,image,0.6,0.4,0.1,lw,0.0,380.7103271484375,281.83172607421875
8,3.5,1,0.01,4.6948158740997314,10,200.0,0.1,100.0,0.5,49,0.1,1,0.9120412701003189,increase,False,artifact8-angle1-noise10-speed0.0-samples1,0.017453292519943295,40,0.82,2,image,0.6,0.4,0.1,lw,0.0,476.1473388671875,463.49285888671875
8,3.5,0,0.01,1.8550441265106201,10,200.0,0.1,100.0,0.5,62,0.1,1,1.110945171682823,decrease,False,artifact8-angle1-noise10-speed0.0-samples1,0.017453292519943295,40,0.82,3,none,0.6,0.4,0.1,lw,0.0,,
8,3.5,0,0.01,1.6115858554840088,10,200.0,0.1,100.0,0.5,63,0.1,1,1.0602101669801658,decrease,False,artifact8-angle1-noise10-speed0.0-samples1,0.017453292519943295,40,0.82,4,none,0.6,0.4,0.1,lw,0.0,,
8,3.5,0,0.01,1.828429937362671,10,200.0,0.1,100.0,0.5,64,0.1,1,1.0190592472618876,decrease,False,artifact8-angle1-noise10-speed0.0-samples1,0.017453292519943295,40,0.82,5,none,0.6,0.4,0.1,lw,0.0,,
8,3.5,1,0.01,2.7394118309020996,10,200.0,0.1,100.0,0.5,65,0.1,1,0.9831687130881783,increase,False,artifact8-angle1-noise10-speed0.0-samples1,0.017453292519943295,40,0.82,6,image,0.6,0.4,0.1,lw,0.0,439.7579345703125,491.336669921875
8,3.5,1,0.01,2.325721502304077,10,200.0,0.1,100.0,0.5,76,0.1,1,1.0915308746707484,increase,False,artifact8-angle1-noise10-speed0.0-samples1,0.017453292519943295,40,0.82,7,image,0.6,0.4,0.1,lw,0.0,402.6307373046875,288.751708984375
8,3.5,0,0.01,1.5915577411651611,10,200.0,0.1,100.0,0.5,87,0.1,1,1.2107980168069263,decrease,False,artifact8-angle1-noise10-speed0.0-samples1,0.017453292519943295,40,0.82,8,none,0.6,0.4,0.1,lw,0.0,,
8,3.5,0,0.01,1.7458481788635254,10,200.0,0.1,100.0,0.5,88,0.1,1,1.1752009062163984,decrease,False,artifact8-angle1-noise10-speed0.0-samples1,0.017453292519943295,40,0.82,9,none,0.6,0.4,0.1,lw,0.0,,
8,3.5,1,0.01,0.8779215812683105,10,200.0,0.1,100.0,0.5,89,0.1,1,1.1483694568728806,increase,False,artifact8-angle1-noise10-speed0.0-samples1,0.017453292519943295,40,0.82,10,image,0.6,0.4,0.1,lw,0.0,388.6915283203125,585.2788696289062
8,3.5,1,0.01,2.277430534362793,10,200.0,0.1,100.0,0.5,106,0.1,1,1.2054710101314465,decrease,True,artifact8-angle1-noise10-speed0.0-samples1,0.017453292519943295,40,0.82,10,none,0.6,0.4,0.1,lw,0.0,,
8,3.5,1,0.01,0.8034274578094482,10,200.0,0.1,100.0,0.5,107,0.1,1,1.1803877667649934,decrease,True,artifact8-angle1-noise10-speed0.0-samples1,0.017453292519943295,40,0.82,10,none,0.6,0.4,0.1,lw,0.0,,
8,3.5,1,0.01,1.9769117832183838,10,200.0,0.1,100.0,0.5,108,0.1,1,1.1614592149801903,decrease,True,artifact8-angle1-noise10-speed0.0-samples1,0.017453292519943295,40,0.82,10,none,0.6,0.4,0.1,lw,0.0,,
8,3.5,0,0.01,0.9907596111297607,10,200.0,0.1,100.0,0.5,212,0.1,1,1.2054710101314465,decrease,False,artifact8-angle1-noise10-speed0.0-samples1,0.017453292519943295,40,0.82,14,none,0.6,0.4,0.1,lw,0.0,,
8,3.5,0,0.01,0.8206930160522461,10,200.0,0.1,100.0,0.5,213,0.1,1,1.1803877667649934,decrease,False,artifact8-angle1-noise10-speed0.0-samples1,0.017453292519943295,40,0.82,15,none,0.6,0.4,0.1,lw,0.0,,
8,3.5,0,0.01,1.5302035808563232,10,200.0,0.1,100.0,0.5,214,0.1,1,1.1614592149801903,decrease,False,artifact8-angle1-noise10-speed0.0-samples1,0.017453292519943295,40,0.82,16,none,0.6,0.4,0.1,lw,0.0,,
8,3.5,1,0.01,1.0891282558441162,10,200.0,0.1,100.0,0.5,215,0.1,1,1.1450904321979016,increase,False,artifact8-angle1-noise10-speed0.0-samples1,0.017453292519943295,40,0.82,17,image,0.6,0.4,0.1,lw,0.0,237.710693359375,424.2889404296875
8,3.5,0,0.01,1.5719683170318604,10,200.0,0.1,100.0,0.5,227,0.1,1,1.1796384763441519,decrease,False,artifact8-angle1-noise10-speed0.0-samples1,0.017453292519943295,40,0.82,18,none,0.6,0.4,0.1,lw,0.0,,
8,3.5,0,0.01,2.470576286315918,10,200.0,0.1,100.0,0.5,228,0.1,1,1.1654289643489975,decrease,False,artifact8-angle1-noise10-speed0.0-samples1,0.017453292519943295,40,0.82,19,none,0.6,0.4,0.1,lw,0.0,,
8,3.5,0,0.01,2.2788548469543457,10,200.0,0.1,100.0,0.5,229,0.1,1,1.1531579851837812,decrease,False,artifact8-angle1-noise10-speed0.0-samples1,0.017453292519943295,40,0.82,20,none,0.6,0.4,0.1,lw,0.0,,
8,3.5,1,0.01,1.0772922039031982,10,200.0,0.1,100.0,0.5,230,0.1,1,1.1420280120258677,increase,False,artifact8-angle1-noise10-speed0.0-samples1,0.017453292519943295,40,0.82,21,image,0.6,0.4,0.1,lw,0.0,529.814208984375,206.14453125
8,3.5,0,0.01,0.8674318790435791,10,200.0,0.1,100.0,0.5,249,0.1,1,1.166993512585349,decrease,False,artifact8-angle1-noise10-speed0.0-samples1,0.017453292519943295,40,0.82,22,none,0.6,0.4,0.1,lw,0.0,,
8,3.5,0,0.01,1.384673833847046,10,200.0,0.1,100.0,0.5,250,0.1,1,1.1574730475475667,decrease,False,artifact8-angle1-noise10-speed0.0-samples1,0.017453292519943295,40,0.82,23,none,0.6,0.4,0.1,lw,0.0,,
8,3.5,1,0.01,1.0095837116241455,10,200.0,0.1,100.0,0.5,251,0.1,1,1.1488506692682066,increase,False,artifact8-angle1-noise10-speed0.0-samples1,0.017453292519943295,40,0.82,24,image,0.6,0.4,0.1,lw,0.0,567.447021484375,526.1898803710938
8,3.5,0,0.01,0.8097059726715088,10,200.0,0.1,100.0,0.5,297,0.1,1,1.1677125446620276,decrease,False,artifact8-angle1-noise10-speed0.0-samples1,0.017453292519943295,40,0.82,25,none,0.6,0.4,0.1,lw,0.0,,
8,3.5,0,0.01,1.104280948638916,10,200.0,0.1,100.0,0.5,298,0.1,1,1.160181769841583,decrease,False,artifact8-angle1-noise10-speed0.0-samples1,0.017453292519943295,40,0.82,26,none,0.6,0.4,0.1,lw,0.0,,
8,3.5,0,0.01,0.9635524749755859,10,200.0,0.1,100.0,0.5,299,0.1,1,1.1533685734890649,decrease,False,artifact8-angle1-noise10-speed0.0-samples1,0.017453292519943295,40,0.82,27,none,0.6,0.4,0.1,lw,0.0,,
8,3.5,1,0.01,1.7116565704345703,10,200.0,0.1,100.0,0.5,300,0.1,1,1.1469440431229723,increase,False,artifact8-angle1-noise10-speed0.0-samples1,0.017453292519943295,40,0.82,28,image,0.6,0.4,0.1,lw,0.0,511.3924560546875,384.93475341796875
8,3.5,0,0.01,1.101029396057129,10,200.0,0.1,100.0,0.5,349,0.1,1,1.1619642307811364,decrease,False,artifact8-angle1-noise10-speed0.0-samples1,0.017453292519943295,40,0.82,29,none,0.6,0.4,0.1,lw,0.0,,
8,3.5,0,0.01,1.037447214126587,10,200.0,0.1,100.0,0.5,350,0.1,1,1.1565093229757095,decrease,False,artifact8-angle1-noise10-speed0.0-samples1,0.017453292519943295,40,0.82,30,none,0.6,0.4,0.1,lw,0.0,,
8,3.5,0,0.01,0.988560676574707,10,200.0,0.1,100.0,0.5,351,0.1,1,1.1513909811609526,decrease,False,artifact8-angle1-noise10-speed0.0-samples1,0.017453292519943295,40,0.82,31,none,0.6,0.4,0.1,lw,0.0,,
8,3.5,0,0.01,1.048938512802124,10,200.0,0.1,100.0,0.5,352,0.1,1,1.146405411102977,decrease,False,artifact8-angle1-noise10-speed0.0-samples1,0.017453292519943295,40,0.82,32,none,0.6,0.4,0.1,lw,0.0,,
8,3.5,1,0.01,1.500128984451294,10,200.0,0.1,100.0,0.5,353,0.1,1,1.1407421221851402,increase,False,artifact8-angle1-noise10-speed0.0-samples1,0.017453292519943295,40,0.82,33,image,0.6,0.4,0.1,lw,0.0,210.2978515625,530.0230712890625
8,3.5,0,0.01,0.47699403762817383,10,200.0,0.1,100.0,0.5,378,0.1,1,1.154492688569091,decrease,False,artifact8-angle1-noise10-speed0.0-samples1,0.017453292519943295,40,0.82,34,none,0.6,0.4,0.1,lw,0.0,,
8,3.5,0,0.01,1.074120044708252,10,200.0,0.1,100.0,0.5,379,0.1,1,1.1503317520556822,decrease,False,artifact8-angle1-noise10-speed0.0-samples1,0.017453292519943295,40,0.82,35,none,0.6,0.4,0.1,lw,0.0,,
8,3.5,0,0.01,0.9676826000213623,10,200.0,0.1,100.0,0.5,380,0.1,1,1.1461808254036754,decrease,False,artifact8-angle1-noise10-speed0.0-samples1,0.017453292519943295,40,0.82,36,none,0.6,0.4,0.1,lw,0.0,,
8,3.5,1,0.01,0.8224256038665771,10,200.0,0.1,100.0,0.5,381,0.1,1,1.1412726819252579,increase,False,artifact8-angle1-noise10-speed0.0-samples1,0.017453292519943295,40,0.82,37,image,0.6,0.4,0.1,lw,0.0,430.2086181640625,689.0751953125
8,3.5,0,0.01,4.124911785125732,10,200.0,0.1,100.0,0.5,413,0.1,1,1.1533214509985452,decrease,False,artifact8-angle1-noise10-speed0.0-samples1,0.017453292519943295,40,0.82,38,none,0.6,0.4,0.1,lw,0.0,,
8,3.5,0,0.01,1.989983081817627,10,200.0,0.1,100.0,0.5,420,0.1,1,1.1498708385009735,decrease,False,artifact8-angle1-noise10-speed0.0-samples1,0.017453292519943295,40,0.82,39,none,0.6,0.4,0.1,lw,0.0,,
8,3.5,0,0.01,0.7854535579681396,10,200.0,0.1,100.0,0.5,421,0.1,1,1.1458896834693486,decrease,False,artifact8-angle1-noise10-speed0.0-samples1,0.017453292519943295,40,0.82,40,none,0.6,0.4,0.1,lw,0.0,,
8,3.5,0,0.01,1.125760555267334,10,200.0,0.1,100.0,0.5,422,0.1,1,1.1414226333920225,decrease,False,artifact8-angle1-noise10-speed0.0-samples1,0.017453292519943295,40,0.82,41,none,0.6,0.4,0.1,lw,0.0,,
8,3.5,0,0.01,1.5666759014129639,10,200.0,0.1,100.0,0.5,423,0.1,1,1.136328180656938,decrease,False,artifact8-angle1-noise10-speed0.0-samples1,0.017453292519943295,40,0.82,42,none,0.6,0.4,0.1,lw,0.0,,
8,3.5,0,0.01,0.9090461730957031,10,200.0,0.1,100.0,0.5,424,0.1,1,1.1304434063889954,decrease,False,artifact8-angle1-noise10-speed0.0-samples1,0.017453292519943295,40,0.82,43,none,0.6,0.4,0.1,lw,0.0,,
8,3.5,0,0.01,3.194666862487793,20,200.0,0.1,100.0,0.5,25,0.1,1,0.6,increase,True,artifact8-angle1-noise20-speed0.0-samples1,0.017453292519943295,40,0.82,0,image,0.6,0.4,0.1,lw,0.0,340.733642578125,377.5526123046875
8,3.5,0,0.01,2.146796941757202,20,200.0,0.1,100.0,0.5,36,0.1,1,0.6,decrease,False,artifact8-angle1-noise20-speed0.0-samples1,0.017453292519943295,40,0.82,2,none,0.6,0.4,0.1,lw,0.0,,
8,3.5,1,0.01,2.0807597637176514,20,200.0,0.1,100.0,0.5,37,0.1,1,0.5216060210317498,increase,False,artifact8-angle1-noise20-speed0.0-samples1,0.017453292519943295,40,0.82,3,image,0.6,0.4,0.1,lw,0.0,442.95458984375,490.6148681640625
8,3.5,1,0.01,2.820010185241699,20,200.0,0.1,100.0,0.5,51,0.1,1,0.7969765057847802,decrease,True,artifact8-angle1-noise20-speed0.0-samples1,0.017453292519943295,40,0.82,3,none,0.6,0.4,0.1,lw,0.0,,
8,3.5,1,0.01,0.9259817600250244,20,200.0,0.1,100.0,0.5,52,0.1,1,0.724292653670641,decrease,True,artifact8-angle1-noise20-speed0.0-samples1,0.017453292519943295,40,0.82,3,none,0.6,0.4,0.1,lw,0.0,,
8,3.5,1,0.01,1.2348113059997559,20,200.0,0.1,100.0,0.5,53,0.1,1,0.6665477321250157,decrease,True,artifact8-angle1-noise20-speed0.0-samples1,0.017453292519943295,40,0.82,3,none,0.6,0.4,0.1,lw,0.0,,
8,3.5,1,0.01,5.789266586303711,20,200.0,0.1,100.0,0.5,54,0.1,1,0.6236045192737872,decrease,True,artifact8-angle1-noise20-speed0.0-samples1,0.017453292519943295,40,0.82,3,none,0.6,0.4,0.1,lw,0.0,,
8,3.5,0,0.01,0.7427577972412109,20,200.0,0.1,100.0,0.5,55,0.1,1,0.5861109505109533,increase,True,artifact8-angle1-noise20-speed0.0-samples1,0.017453292519943295,40,0.82,3,image,0.6,0.4,0.1,lw,0.0,552.5281982421875,529.3193969726562
8,3.5,0,0.01,2.224548101425171,20,200.0,0.1,100.0,0.5,77,0.1,1,0.7969765057847802,decrease,False,artifact8-angle1-noise20-speed0.0-samples1,0.017453292519943295,40,0.82,9,none,0.6,0.4,0.1,lw,0.0,,
8,3.5,0,0.01,1.0992646217346191,20,200.0,0.1,100.0,0.5,78,0.1,1,0.724292653670641,decrease,False,artifact8-angle1-noise20-speed0.0-samples1,0.017453292519943295,40,0.82,10,none,0.6,0.4,0.1,lw,0.0,,
8,3.5,0,0.01,0.9288597106933594,20,200.0,0.1,100.0,0.5,79,0.1,1,0.6665477321250157,decrease,False,artifact8-angle1-noise20-speed0.0-samples1,0.017453292519943295,40,0.82,11,none,0.6,0.4,0.1,lw,0.0,,
8,3.5,0,0.01,1.7782902717590332,20,200.0,0.1,100.0,0.5,80,0.1,1,0.6236045192737872,decrease,False,artifact8-angle1-noise20-speed0.0-samples1,0.017453292519943295,40,0.82,12,none,0.6,0.4,0.1,lw,0.0,,
8,3.5,0,0.01,0.9131572246551514,20,200.0,0.1,100.0,0.5,81,0.1,1,0.5861109505109533,decrease,False,artifact8-angle1-noise20-speed0.0-samples1,0.017453292519943295,40,0.82,13,none,0.6,0.4,0.1,lw,0.0,,
8,3.5,1,0.01,2.112110137939453,20,200.0,0.1,100.0,0.5,82,0.1,1,0.560451746635491,increase,False,artifact8-angle1-noise20-speed0.0-samples1,0.017453292519943295,40,0.82,14,image,0.6,0.4,0.1,lw,0.0,272.7989501953125,357.45513916015625
8,3.5,1,0.01,1.3749361038208008,20,200.0,0.1,100.0,0.5,96,0.1,1,0.6677042411049138,increase,False,artifact8-angle1-noise20-speed0.0-samples1,0.017453292519943295,40,0.82,15,image,0.6,0.4,0.1,lw,0.0,412.1273193359375,383.676513671875
8,3.5,0,0.01,1.9864904880523682,20,200.0,0.1,100.0,0.5,113,0.1,1,0.7978184373944329,decrease,False,artifact8-angle1-noise20-speed0.0-samples1,0.017453292519943295,40,0.82,16,none,0.6,0.4,0.1,lw,0.0,,
8,3.5,0,0.01,1.0950181484222412,20,200.0,0.1,100.0,0.5,114,0.1,1,0.7610495311443419,decrease,False,artifact8-angle1-noise20-speed0.0-samples1,0.017453292519943295,40,0.82,17,none,0.6,0.4,0.1,lw,0.0,,
8,3.5,0,0.01,0.9631638526916504,20,200.0,0.1,100.0,0.5,115,0.1,1,0.7304825337546019,decrease,False,artifact8-angle1-noise20-speed0.0-samples1,0.017453292519943295,40,0.82,18,none,0.6,0.4,0.1,lw,0.0,,
8,3.5,0,0.01,1.0887916088104248,20,200.0,0.1,100.0,0.5,116,0.1,1,0.7000657046458444,decrease,False,artifact8-angle1-noise20-speed0.0-samples1,0.017453292519943295,40,0.82,19,none,0.6,0.4,0.1,lw,0.0,,
8,3.5,1,0.01,0.9906587600708008,20,200.0,0.1,100.0,0.5,117,0.1,1,0.6838389252332642,increase,False,artifact8-angle1-noise20-speed0.0-samples1,0.017453292519943295,40,0.82,20,image,0.6,0.4,0.1,lw,0.0,289.072021484375,476.51251220703125
8,3.5,0,0.01,5.15155291557312,20,200.0,0.1,100.0,0.5,165,0.1,1,0.7527405452369023,decrease,False,artifact8-angle1-noise20-speed0.0-samples1,0.017453292519943295,40,0.82,21,none,0.6,0.4,0.1,lw,0.0,,
8,3.5,0,0.01,0.9388735294342041,20,200.0,0.1,100.0,0.5,166,0.1,1,0.7316319278468626,decrease,False,artifact8-angle1-noise20-speed0.0-samples1,0.017453292519943295,40,0.82,22,none,0.6,0.4,0.1,lw,0.0,,
8,3.5,0,0.01,1.0699098110198975,20,200.0,0.1,100.0,0.5,167,0.1,1,0.7105713645616614,decrease,False,artifact8-angle1-noise20-speed0.0-samples1,0.017453292519943295,40,0.82,23,none,0.6,0.4,0.1,lw,0.0,,
8,3.5,0,0.01,1.6918854713439941,20,200.0,0.1,100.0,0.5,168,0.1,1,0.6936084995189779,decrease,False,artifact8-angle1-noise20-speed0.0-samples1,0.017453292519943295,40,0.82,24,none,0.6,0.4,0.1,lw,0.0,,
8,3.5,0,0.01,1.9427168369293213,20,200.0,0.1,100.0,0.5,178,0.1,1,0.6834805046695878,decrease,False,artifact8-angle1-noise20-speed0.0-samples1,0.017453292519943295,40,0.82,25,none,0.6,0.4,0.1,lw,0.0,,
8,3.5,0,0.01,1.3545894622802734,20,200.0,0.1,100.0,0.5,179,0.1,1,0.6752252961751547,decrease,False,artifact8-angle1-noise20-speed0.0-samples1,0.017453292519943295,40,0.82,26,none,0.6,0.4,0.1,lw,0.0,,
8,3.5,0,0.01,1.9932944774627686,20,200.0,0.1,100.0,0.5,180,0.1,1,0.6682805429659032,decrease,False,artifact8-angle1-noise20-speed0.0-samples1,0.017453292519943295,40,0.82,27,none,0.6,0.4,0.1,lw,0.0,,
8,3.5,0,0.01,1.5589573383331299,20,200.0,0.1,100.0,0.5,181,0.1,1,0.6622310652761363,decrease,False,artifact8-angle1-noise20-speed0.0-samples1,0.017453292519943295,40,0.82,28,none,0.6,0.4,0.1,lw,0.0,,
8,3.5,0,0.01,4.153573274612427,20,200.0,0.1,100.0,0.5,182,0.1,1,0.6567616189397653,decrease,False,artifact8-angle1-noise20-speed0.0-samples1,0.017453292519943295,40,0.82,29,none,0.6,0.4,0.1,lw,0.0,,
8,3.5,0,0.01,1.7730822563171387,20,200.0,0.1,100.0,0.5,223,0.1,1,0.6516246019356223,increase,True,artifact8-angle1-noise20-speed0.0-samples1,0.017453292519943295,40,0.82,29,image,0.6,0.4,0.1,lw,0.0,352.3287353515625,410.42333984375
8,3.5,0,0.01,0.9761331081390381,20,200.0,0.1,100.0,0.5,276,0.1,1,0.6516246019356223,decrease,False,artifact8-angle1-noise20-speed0.0-samples1,0.017453292519943295,40,0.82,31,none,0.6,0.4,0.1,lw,0.0,,
8,3.5,0,0.01,1.3590459823608398,20,200.0,0.1,100.0,0.5,277,0.1,1,0.6466176281170078,decrease,False,artifact8-angle1-noise20-speed0.0-samples1,0.017453292519943295,40,0.82,32,none,0.6,0.4,0.1,lw,0.0,,
8,3.5,0,0.01,1.144500970840454,20,200.0,0.1,100.0,0.5,278,0.1,1,0.6409108212479583,decrease,False,artifact8-angle1-noise20-speed0.0-samples1,0.017453292519943295,40,0.82,33,none,0.6,0.4,0.1,lw,0.0,,
8,3.5,1,0.01,0.9626238346099854,20,200.0,0.1,100.0,0.5,279,0.1,1,0.6345166155324411,increase,False,artifact8-angle1-noise20-speed0.0-samples1,0.017453292519943295,40,0.82,34,image,0.6,0.4,0.1,lw,0.0,378.49560546875,270.505126953125
8,3.5,0,0.01,1.433274269104004,20,200.0,0.1,100.0,0.5,288,0.1,1,0.6503535250733641,decrease,False,artifact8-angle1-noise20-speed0.0-samples1,0.017453292519943295,40,0.82,35,none,0.6,0.4,0.1,lw,0.0,,
8,3.5,0,0.01,1.0201308727264404,20,200.0,0.1,100.0,0.5,289,0.1,1,0.6460168167576512,decrease,False,artifact8-angle1-noise20-speed0.0-samples1,0.017453292519943295,40,0.82,36,none,0.6,0.4,0.1,lw,0.0,,
8,3.5,0,0.01,1.6867096424102783,20,200.0,0.1,100.0,0.5,290,0.1,1,0.6409058940770025,decrease,False,artifact8-angle1-noise20-speed0.0-samples1,0.017453292519943295,40,0.82,37,none,0.6,0.4,0.1,lw,0.0,,
8,3.5,1,0.01,1.503830909729004,20,200.0,0.1,100.0,0.5,291,0.1,1,0.6351301804582264,increase,False,artifact8-angle1-noise20-speed0.0-samples1,0.017453292519943295,40,0.82,38,image,0.6,0.4,0.1,lw,0.0,448.7681884765625,322.634521484375
8,3.5,0,0.01,0.8045663833618164,20,200.0,0.1,100.0,0.5,301,0.1,1,0.6495202868057087,decrease,False,artifact8-angle1-noise20-speed0.0-samples1,0.017453292519943295,40,0.82,39,none,0.6,0.4,0.1,lw,0.0,,
8,3.5,0,0.01,1.3589611053466797,20,200.0,0.1,100.0,0.5,302,0.1,1,0.6452142359124512,decrease,False,artifact8-angle1-noise20-speed0.0-samples1,0.017453292519943295,40,0.82,40,none,0.6,0.4,0.1,lw,0.0,,
8,3.5,0,0.01,1.2432305812835693,20,200.0,0.1,100.0,0.5,303,0.1,1,0.6403922813814081,decrease,False,artifact8-angle1-noise20-speed0.0-samples1,0.017453292519943295,40,0.82,41,none,0.6,0.4,0.1,lw,0.0,,
8,3.5,0,0.01,2.417459487915039,20,200.0,0.1,100.0,0.5,304,0.1,1,0.6349008216202466,decrease,False,artifact8-angle1-noise20-speed0.0-samples1,0.017453292519943295,40,0.82,42,none,0.6,0.4,0.1,lw,0.0,,
8,3.5,0,0.01,0.5512292385101318,20,200.0,0.1,100.0,0.5,311,0.1,1,0.6285630776953771,decrease,False,artifact8-angle1-noise20-speed0.0-samples1,0.017453292519943295,40,0.82,43,none,0.6,0.4,0.1,lw,0.0,,
8,3.5,0,0.01,0.9021990299224854,20,200.0,0.1,100.0,0.5,312,0.1,1,0.6211731389091646,decrease,False,artifact8-angle1-noise20-speed0.0-samples1,0.017453292519943295,40,0.82,44,none,0.6,0.4,0.1,lw,0.0,,
8,3.5,0,0.01,1.4567830562591553,20,200.0,0.1,100.0,0.5,313,0.1,1,0.6124889969029008,decrease,False,artifact8-angle1-noise20-speed0.0-samples1,0.017453292519943295,40,0.82,45,none,0.6,0.4,0.1,lw,0.0,,
8,3.5,1,0.01,1.1113166809082031,20,200.0,0.1,100.0,0.5,314,0.1,1,0.6022243124220964,increase,False,artifact8-angle1-noise20-speed0.0-samples1,0.017453292519943295,40,0.82,46,image,0.6,0.4,0.1,lw,0.0,559.6409912109375,330.5020751953125
8,3.5,1,0.01,1.400087594985962,20,200.0,0.1,100.0,0.5,388,0.1,1,0.6286816900251511,decrease,True,artifact8-angle1-noise20-speed0.0-samples1,0.017453292519943295,40,0.82,46,none,0.6,0.4,0.1,lw,0.0,,
8,3.5,0,0.01,1.2955272197723389,20,200.0,0.1,100.0,0.5,397,0.1,1,0.6286816900251511,decrease,False,artifact8-angle1-noise20-speed0.0-samples1,0.017453292519943295,40,0.82,48,none,0.6,0.4,0.1,lw,0.0,,
